[Thread debugging using libthread_db enabled]
Using host libthread_db library "/usr/lib/aarch64-linux-gnu/libthread_db.so.1".
[New Thread 0xffff5ba9f180 (LWP 104355)]
[Thread 0xffff5ba9f180 (LWP 104355) exited]
[New Thread 0xffff4a13f180 (LWP 104357)]
[New Thread 0xffff4612f180 (LWP 104358)]
[New Thread 0xffff3ffff180 (LWP 104359)]
[New Thread 0xffff39dff180 (LWP 104360)]
[New Thread 0xffff33bff180 (LWP 104361)]
[New Thread 0xffff2fbef180 (LWP 104362)]
[New Thread 0xffff279ff180 (LWP 104363)]
[New Thread 0xffff217ff180 (LWP 104364)]
[New Thread 0xffff1b5ff180 (LWP 104365)]
[New Thread 0xffff153ff180 (LWP 104366)]
[New Thread 0xffff0f1ff180 (LWP 104367)]
[New Thread 0xffff08fff180 (LWP 104368)]
[New Thread 0xffff02dff180 (LWP 104369)]
[New Thread 0xfffefcbff180 (LWP 104370)]
[New Thread 0xfffef49ff180 (LWP 104371)]
[New Thread 0xfffeee7ff180 (LWP 104372)]
[New Thread 0xfffee85ff180 (LWP 104373)]
[New Thread 0xfffee45ef180 (LWP 104374)]
[New Thread 0xfffedc3ff180 (LWP 104375)]
[New Thread 0xfffed4d3f180 (LWP 104376)]
[New Thread 0xfffed027f180 (LWP 104377)]
[Thread 0xfffee85ff180 (LWP 104373) exited]
[Thread 0xfffee45ef180 (LWP 104374) exited]
[Thread 0xffff02dff180 (LWP 104369) exited]
[Thread 0xffff153ff180 (LWP 104366) exited]
[Thread 0xfffedc3ff180 (LWP 104375) exited]
[Thread 0xffff08fff180 (LWP 104368) exited]
[Thread 0xffff1b5ff180 (LWP 104365) exited]
[Thread 0xffff279ff180 (LWP 104363) exited]
[Thread 0xffff2fbef180 (LWP 104362) exited]
[Thread 0xffff33bff180 (LWP 104361) exited]
[Thread 0xffff39dff180 (LWP 104360) exited]
[Thread 0xffff3ffff180 (LWP 104359) exited]
[Thread 0xffff4612f180 (LWP 104358) exited]
[Thread 0xffff4a13f180 (LWP 104357) exited]
[Thread 0xffff0f1ff180 (LWP 104367) exited]
[Thread 0xffff217ff180 (LWP 104364) exited]
[Thread 0xfffefcbff180 (LWP 104370) exited]
[Thread 0xfffeee7ff180 (LWP 104372) exited]
[Thread 0xfffef49ff180 (LWP 104371) exited]
[Detaching after fork from child process 104378]
[Detaching after vfork from child process 104386]
Cuda Driver error detected: No CUDA context is current to the calling thread
Cuda Driver error detected: Returning 201 (CUDA_ERROR_INVALID_CONTEXT) from cuCtxGetDevice_v2
Cuda Driver error detected: No CUDA context is current to the calling thread
Cuda Driver error detected: Returning 201 (CUDA_ERROR_INVALID_CONTEXT) from cuCtxGetDevice_v2
Cuda Driver error detected: No CUDA context is current to the calling thread
Cuda Driver error detected: Returning 201 (CUDA_ERROR_INVALID_CONTEXT) from cuCtxGetDevice_v2
warning: Corrupted shared library list: 0x80d6be0 != 0x7c84d40
Cuda Driver error detected: No CUDA context is current to the calling thread
Cuda Driver error detected: Returning 201 (CUDA_ERROR_INVALID_CONTEXT) from cuCtxGetDevice_v2
Cuda Driver error detected: No CUDA context is current to the calling thread
Cuda Driver error detected: Returning 201 (CUDA_ERROR_INVALID_CONTEXT) from cuCtxGetDevice_v2
Cuda Driver error detected: No CUDA context is current to the calling thread
Cuda Driver error detected: Returning 201 (CUDA_ERROR_INVALID_CONTEXT) from cuCtxGetDevice_v2
[New Thread 0xffff3ffff180 (LWP 104387)]
[New Thread 0xffff279ff180 (LWP 104388)]
[Detaching after vfork from child process 104389]
[Detaching after vfork from child process 104390]
[Detaching after vfork from child process 104391]
[Detaching after vfork from child process 104392]

CUDA Exception: Warp Illegal Instruction Parameter
The exception was triggered at PC 0x325baa9d0  _ZN7cutlass13device_kernelINS_4gemm6kernel13GemmUniversalINS1_17GroupProblemShapeIN4cute5tupleIJlllEEEEENS1_10collective13CollectiveMmaINS9_52MainloopSm120ArrayTmaWarpSpecializedBlockScaledGatedILi2ELi1ENS6_IJNS5_1CILi1EEESD_SD_EEENS1_40KernelPtrArrayTmaWarpSpecializedPingpongEEENS6_IJNSC_ILi64EEESH_NSC_ILi128EEEEEENS6_IJNS_12float_e4m3_tENS_13float_ue8m0_tEEEENS6_IJPNS6_IJlSD_NSC_ILi0EEEEEEPNS5_6LayoutINS6_IJNS6_IJNS6_IJNSC_ILi32EEENSC_ILi4EEEEEEiEEESU_NS6_IJSD_iEEEEEENS6_IJNS6_IJNS6_IJNSC_ILi16EEESS_EEEiEEENS6_IJNS6_IJSN_SD_EEENSC_ILi512EEEEEENS6_IJSN_iEEEEEEEEEEENS6_IJNS_12float_e2m1_tESL_EEES17_NS5_8TiledMMAINS5_8MMA_AtomIJNS5_5SM12011BLOCKSCALED19SM120_16x8x32_TN_VSISK_S18_fSL_Li32EEEEEENSQ_INS6_IJNSC_ILi2EEES1H_SD_EEENS6_IJSD_S1H_SN_EEEEENS6_IJSH_NSQ_INS6_IJNSC_ILi8EEES1H_S1H_EEENS6_IJSD_SX_S1L_EEEEESR_EEEEENS6_IJNS5_13SM90_TMA_LOADES1R_EEENS6_IJNS5_14ComposedLayoutINS5_7SwizzleILi3ELi4ELi3EEENS5_18smem_ptr_flag_bitsILi8EEENSQ_INS6_IJS1L_SI_EEENS6_IJSI_SD_EEEEEEENSQ_INS6_IJNS6_IJST_SD_EEENS6_IJNS6_IJSR_SD_EEESS_SD_EEEEEENS6_IJNS6_IJSY_S11_EEENS6_IJS10_SD_S11_EEEEEEEEEEENS6_IJNS5_9Copy_AtomIJNS5_17SM75_U32x4_LDSM_NEhEEENS2B_IJNS5_13UniversalCopyISL_SL_EESL_EEEEEENS5_8identityES1S_S2A_NS6_IJNS2B_IJNS5_26SM100_SU4_DU8x16_x4_LDSM_NEhEEES2G_EEES2I_EENS_8epilogue10collective18CollectiveEpilogueINS2N_30Sm90PtrArrayTmaWarpSpecializedILi3ELi2ELi4ELb1ELb0ELi2EEEJSJ_NS6_IJSH_SR_EEENS_10bfloat16_tESP_S2T_SP_NS2N_6fusion15FusionCallbacksINS2N_31Sm120PtrArrayTmaWarpSpecializedILi3ELi2ELi4ELb1ELb0ELi2EEENS2U_17LinearCombinationIS2T_fS2T_fLNS_15FloatRoundStyleE2EEESJ_S2S_JEEES1R_NS1T_INS1U_ILi2ELi4ELi3EEENS1W_ILi16EEENSQ_INS6_IJS1L_SR_EEES23_EEEENS5_17SM75_U32x2_LDSM_NENS5_14SM90_TMA_STOREES36_NS5_17SM90_U32x2_STSM_NENS2B_IJS39_NS_6half_tEEEEvEEEvvEEEEvNT_6ParamsE  (copy_sm90_tma.hpp:233 in _ZN4cute16SM90_TMA_LOAD_4D4copyEPKvPmmPvRKiS6_S6_S6_ inlined from copy_sm90_tma.hpp:355)

Thread 1 "python3" received signal CUDA_EXCEPTION_27, Warp Illegal Instruction Parameter.
[Switching focus to CUDA kernel 0, grid 27, block (1,0,0), thread (0,0,0), device 0, sm 1, warp 2, lane 0]
_ZN7cutlass13device_kernelINS_4gemm6kernel13GemmUniversalINS1_17GroupProblemShapeIN4cute5tupleIJlllEEEEENS1_10collective13CollectiveMmaINS9_52MainloopSm120ArrayTmaWarpSpecializedBlockScaledGatedILi2ELi1ENS6_IJNS5_1CILi1EEESD_SD_EEENS1_40KernelPtrArrayTmaWarpSpecializedPingpongEEENS6_IJNSC_ILi64EEESH_NSC_ILi128EEEEEENS6_IJNS_12float_e4m3_tENS_13float_ue8m0_tEEEENS6_IJPNS6_IJlSD_NSC_ILi0EEEEEEPNS5_6LayoutINS6_IJNS6_IJNS6_IJNSC_ILi32EEENSC_ILi4EEEEEEiEEESU_NS6_IJSD_iEEEEEENS6_IJNS6_IJNS6_IJNSC_ILi16EEESS_EEEiEEENS6_IJNS6_IJSN_SD_EEENSC_ILi512EEEEEENS6_IJSN_iEEEEEEEEEEENS6_IJNS_12float_e2m1_tESL_EEES17_NS5_8TiledMMAINS5_8MMA_AtomIJNS5_5SM12011BLOCKSCALED19SM120_16x8x32_TN_VSISK_S18_fSL_Li32EEEEEENSQ_INS6_IJNSC_ILi2EEES1H_SD_EEENS6_IJSD_S1H_SN_EEEEENS6_IJSH_NSQ_INS6_IJNSC_ILi8EEES1H_S1H_EEENS6_IJSD_SX_S1L_EEEEESR_EEEEENS6_IJNS5_13SM90_TMA_LOADES1R_EEENS6_IJNS5_14ComposedLayoutINS5_7SwizzleILi3ELi4ELi3EEENS5_18smem_ptr_flag_bitsILi8EEENSQ_INS6_IJS1L_SI_EEENS6_IJSI_SD_EEEEEEENSQ_INS6_IJNS6_IJST_SD_EEENS6_IJNS6_IJSR_SD_EEESS_SD_EEEEEENS6_IJNS6_IJSY_S11_EEENS6_IJS10_SD_S11_EEEEEEEEEEENS6_IJNS5_9Copy_AtomIJNS5_17SM75_U32x4_LDSM_NEhEEENS2B_IJNS5_13UniversalCopyISL_SL_EESL_EEEEEENS5_8identityES1S_S2A_NS6_IJNS2B_IJNS5_26SM100_SU4_DU8x16_x4_LDSM_NEhEEES2G_EEES2I_EENS_8epilogue10collective18CollectiveEpilogueINS2N_30Sm90PtrArrayTmaWarpSpecializedILi3ELi2ELi4ELb1ELb0ELi2EEEJSJ_NS6_IJSH_SR_EEENS_10bfloat16_tESP_S2T_SP_NS2N_6fusion15FusionCallbacksINS2N_31Sm120PtrArrayTmaWarpSpecializedILi3ELi2ELi4ELb1ELb0ELi2EEENS2U_17LinearCombinationIS2T_fS2T_fLNS_15FloatRoundStyleE2EEESJ_S2S_JEEES1R_NS1T_INS1U_ILi2ELi4ELi3EEENS1W_ILi16EEENSQ_INS6_IJS1L_SR_EEES23_EEEENS5_17SM75_U32x2_LDSM_NENS5_14SM90_TMA_STOREES36_NS5_17SM90_U32x2_STSM_NENS2B_IJS39_NS_6half_tEEEEvEEEvvEEEEvNT_6ParamsE<<<(48,1,1),(384,1,1)>>> () at /workspace/flashinfer/3rdparty/cutlass/include/cute/arch/copy_sm90_tma.hpp:233 in _ZN4cute16SM90_TMA_LOAD_4D4copyEPKvPmmPvRKiS6_S6_S6_ inlined from copy_sm90_tma.hpp:355
233	        "r"(crd0), "r"(crd1), "r"(crd2), "r"(crd3), "l"(cache_hint)
  Kernel Parent Dev Grid Status       SMs Mask  GridDim  BlockDim Invocation                                                                                                                                                                                                                                                                                                                                                                                                                                                                                                                                                                                                                                                                                                                                                                                                                                                                                                                                                                                                                                                                                                                                                                                                                                                                                                                                                                                                                                                                                                                                                                                                                                                                                                                                                                                                                                                 
*      0      -   0   27 Active 0xaaaaaaaaaaaa (48,1,1) (384,1,1) _ZN7cutlass13device_kernelINS_4gemm6kernel13GemmUniversalINS1_17GroupProblemShapeIN4cute5tupleIJlllEEEEENS1_10collective13CollectiveMmaINS9_52MainloopSm120ArrayTmaWarpSpecializedBlockScaledGatedILi2ELi1ENS6_IJNS5_1CILi1EEESD_SD_EEENS1_40KernelPtrArrayTmaWarpSpecializedPingpongEEENS6_IJNSC_ILi64EEESH_NSC_ILi128EEEEEENS6_IJNS_12float_e4m3_tENS_13float_ue8m0_tEEEENS6_IJPNS6_IJlSD_NSC_ILi0EEEEEEPNS5_6LayoutINS6_IJNS6_IJNS6_IJNSC_ILi32EEENSC_ILi4EEEEEEiEEESU_NS6_IJSD_iEEEEEENS6_IJNS6_IJNS6_IJNSC_ILi16EEESS_EEEiEEENS6_IJNS6_IJSN_SD_EEENSC_ILi512EEEEEENS6_IJSN_iEEEEEEEEEEENS6_IJNS_12float_e2m1_tESL_EEES17_NS5_8TiledMMAINS5_8MMA_AtomIJNS5_5SM12011BLOCKSCALED19SM120_16x8x32_TN_VSISK_S18_fSL_Li32EEEEEENSQ_INS6_IJNSC_ILi2EEES1H_SD_EEENS6_IJSD_S1H_SN_EEEEENS6_IJSH_NSQ_INS6_IJNSC_ILi8EEES1H_S1H_EEENS6_IJSD_SX_S1L_EEEEESR_EEEEENS6_IJNS5_13SM90_TMA_LOADES1R_EEENS6_IJNS5_14ComposedLayoutINS5_7SwizzleILi3ELi4ELi3EEENS5_18smem_ptr_flag_bitsILi8EEENSQ_INS6_IJS1L_SI_EEENS6_IJSI_SD_EEEEEEENSQ_INS6_IJNS6_IJST_SD_EEENS6_IJNS6_IJSR_SD_EEESS_SD_EEEEEENS6_IJNS6_IJSY_S11_EEENS6_IJS10_SD_S11_EEEEEEEEEEENS6_IJNS5_9Copy_AtomIJNS5_17SM75_U32x4_LDSM_NEhEEENS2B_IJNS5_13UniversalCopyISL_SL_EESL_EEEEEENS5_8identityES1S_S2A_NS6_IJNS2B_IJNS5_26SM100_SU4_DU8x16_x4_LDSM_NEhEEES2G_EEES2I_EENS_8epilogue10collective18CollectiveEpilogueINS2N_30Sm90PtrArrayTmaWarpSpecializedILi3ELi2ELi4ELb1ELb0ELi2EEEJSJ_NS6_IJSH_SR_EEENS_10bfloat16_tESP_S2T_SP_NS2N_6fusion15FusionCallbacksINS2N_31Sm120PtrArrayTmaWarpSpecializedILi3ELi2ELi4ELb1ELb0ELi2EEENS2U_17LinearCombinationIS2T_fS2T_fLNS_15FloatRoundStyleE2EEESJ_S2S_JEEES1R_NS1T_INS1U_ILi2ELi4ELi3EEENS1W_ILi16EEENSQ_INS6_IJS1L_SR_EEES23_EEEENS5_17SM75_U32x2_LDSM_NENS5_14SM90_TMA_STOREES36_NS5_17SM90_U32x2_STSM_NENS2B_IJS39_NS_6half_tEEEEvEEEvvEEEEvNT_6ParamsE() 
  BlockIdx ThreadIdx To BlockIdx ThreadIdx Count                 PC                                                                                                                                                    Filename  Line 
Kernel 0
*  (1,0,0)   (0,0,0)     (1,0,0)   (0,0,0)     1 0x0000000325baa9d0                                                                                  /workspace/flashinfer/3rdparty/cutlass/include/cute/arch/copy_sm90_tma.hpp   233 
   (1,0,0)   (1,0,0)     (1,0,0)  (31,0,0)    31 0x0000000325baaa10 /workspace/flashinfer/csrc/nv_internal/tensorrt_llm/cutlass_extensions/include/cutlass_extensions/gemm/collective/sm120_blockscaled_mma_gated_array_tma.hpp   761 
   (1,0,0)  (64,0,0)     (1,0,0)  (95,0,0)    32 0x0000000325badc30                                                                                       /workspace/flashinfer/3rdparty/cutlass/include/cutlass/arch/barrier.h   425 
   (1,0,0)  (96,0,0)     (1,0,0) (127,0,0)    32 0x0000000325bad730                                                                                       /workspace/flashinfer/3rdparty/cutlass/include/cutlass/arch/barrier.h   425 
   (1,0,0) (128,0,0)     (1,0,0) (255,0,0)   128 0x0000000325bad390                                                                                       /workspace/flashinfer/3rdparty/cutlass/include/cutlass/arch/barrier.h   425 
   (1,0,0) (256,0,0)     (1,0,0) (383,0,0)   128 0x0000000325bad340                                                                                       /workspace/flashinfer/3rdparty/cutlass/include/cutlass/arch/barrier.h   425 
   (3,0,0)   (0,0,0)     (3,0,0)   (0,0,0)     1 0x0000000325baa9d0                                                                                  /workspace/flashinfer/3rdparty/cutlass/include/cute/arch/copy_sm90_tma.hpp   233 
   (3,0,0)   (1,0,0)     (3,0,0)  (31,0,0)    31 0x0000000325baaa10 /workspace/flashinfer/csrc/nv_internal/tensorrt_llm/cutlass_extensions/include/cutlass_extensions/gemm/collective/sm120_blockscaled_mma_gated_array_tma.hpp   761 
   (3,0,0)  (64,0,0)     (3,0,0)  (95,0,0)    32 0x0000000325badc30                                                                                       /workspace/flashinfer/3rdparty/cutlass/include/cutlass/arch/barrier.h   425 
   (3,0,0)  (96,0,0)     (3,0,0) (127,0,0)    32 0x0000000325bad730                                                                                       /workspace/flashinfer/3rdparty/cutlass/include/cutlass/arch/barrier.h   425 
   (3,0,0) (128,0,0)     (3,0,0) (255,0,0)   128 0x0000000325bad390                                                                                       /workspace/flashinfer/3rdparty/cutlass/include/cutlass/arch/barrier.h   425 
   (3,0,0) (256,0,0)     (3,0,0) (383,0,0)   128 0x0000000325bad340                                                                                       /workspace/flashinfer/3rdparty/cutlass/include/cutlass/arch/barrier.h   425 
   (5,0,0)   (0,0,0)     (5,0,0)   (0,0,0)     1 0x0000000325baa9d0                                                                                  /workspace/flashinfer/3rdparty/cutlass/include/cute/arch/copy_sm90_tma.hpp   233 
   (5,0,0)   (1,0,0)     (5,0,0)  (31,0,0)    31 0x0000000325baaa10 /workspace/flashinfer/csrc/nv_internal/tensorrt_llm/cutlass_extensions/include/cutlass_extensions/gemm/collective/sm120_blockscaled_mma_gated_array_tma.hpp   761 
   (5,0,0)  (64,0,0)     (5,0,0)  (95,0,0)    32 0x0000000325badc30                                                                                       /workspace/flashinfer/3rdparty/cutlass/include/cutlass/arch/barrier.h   425 
   (5,0,0)  (96,0,0)     (5,0,0) (127,0,0)    32 0x0000000325bad730                                                                                       /workspace/flashinfer/3rdparty/cutlass/include/cutlass/arch/barrier.h   425 
   (5,0,0) (128,0,0)     (5,0,0) (255,0,0)   128 0x0000000325bad390                                                                                       /workspace/flashinfer/3rdparty/cutlass/include/cutlass/arch/barrier.h   425 
   (5,0,0) (256,0,0)     (5,0,0) (383,0,0)   128 0x0000000325bad340                                                                                       /workspace/flashinfer/3rdparty/cutlass/include/cutlass/arch/barrier.h   425 
   (7,0,0)   (0,0,0)     (7,0,0)   (0,0,0)     1 0x0000000325baa9d0                                                                                  /workspace/flashinfer/3rdparty/cutlass/include/cute/arch/copy_sm90_tma.hpp   233 
   (7,0,0)   (1,0,0)     (7,0,0)  (31,0,0)    31 0x0000000325baaa10 /workspace/flashinfer/csrc/nv_internal/tensorrt_llm/cutlass_extensions/include/cutlass_extensions/gemm/collective/sm120_blockscaled_mma_gated_array_tma.hpp   761 
   (7,0,0)  (64,0,0)     (7,0,0)  (95,0,0)    32 0x0000000325badc30                                                                                       /workspace/flashinfer/3rdparty/cutlass/include/cutlass/arch/barrier.h   425 
   (7,0,0)  (96,0,0)     (7,0,0) (127,0,0)    32 0x0000000325bad730                                                                                       /workspace/flashinfer/3rdparty/cutlass/include/cutlass/arch/barrier.h   425 
   (7,0,0) (128,0,0)     (7,0,0) (255,0,0)   128 0x0000000325bad390                                                                                       /workspace/flashinfer/3rdparty/cutlass/include/cutlass/arch/barrier.h   425 
   (7,0,0) (256,0,0)     (7,0,0) (383,0,0)   128 0x0000000325bad340                                                                                       /workspace/flashinfer/3rdparty/cutlass/include/cutlass/arch/barrier.h   425 
   (9,0,0)   (0,0,0)     (9,0,0)   (0,0,0)     1 0x0000000325baa9d0                                                                                  /workspace/flashinfer/3rdparty/cutlass/include/cute/arch/copy_sm90_tma.hpp   233 
   (9,0,0)   (1,0,0)     (9,0,0)  (31,0,0)    31 0x0000000325baaa10 /workspace/flashinfer/csrc/nv_internal/tensorrt_llm/cutlass_extensions/include/cutlass_extensions/gemm/collective/sm120_blockscaled_mma_gated_array_tma.hpp   761 
   (9,0,0)  (64,0,0)     (9,0,0)  (95,0,0)    32 0x0000000325badc30                                                                                       /workspace/flashinfer/3rdparty/cutlass/include/cutlass/arch/barrier.h   425 
   (9,0,0)  (96,0,0)     (9,0,0) (127,0,0)    32 0x0000000325bad730                                                                                       /workspace/flashinfer/3rdparty/cutlass/include/cutlass/arch/barrier.h   425 
   (9,0,0) (128,0,0)     (9,0,0) (255,0,0)   128 0x0000000325bad390                                                                                       /workspace/flashinfer/3rdparty/cutlass/include/cutlass/arch/barrier.h   425 
   (9,0,0) (256,0,0)     (9,0,0) (383,0,0)   128 0x0000000325bad340                                                                                       /workspace/flashinfer/3rdparty/cutlass/include/cutlass/arch/barrier.h   425 
  (11,0,0)   (0,0,0)    (11,0,0)   (0,0,0)     1 0x0000000325baa9d0                                                                                  /workspace/flashinfer/3rdparty/cutlass/include/cute/arch/copy_sm90_tma.hpp   233 
  (11,0,0)   (1,0,0)    (11,0,0)  (31,0,0)    31 0x0000000325baaa10 /workspace/flashinfer/csrc/nv_internal/tensorrt_llm/cutlass_extensions/include/cutlass_extensions/gemm/collective/sm120_blockscaled_mma_gated_array_tma.hpp   761 
  (11,0,0)  (64,0,0)    (11,0,0)  (95,0,0)    32 0x0000000325badc30                                                                                       /workspace/flashinfer/3rdparty/cutlass/include/cutlass/arch/barrier.h   425 
  (11,0,0)  (96,0,0)    (11,0,0) (127,0,0)    32 0x0000000325bad730                                                                                       /workspace/flashinfer/3rdparty/cutlass/include/cutlass/arch/barrier.h   425 
  (11,0,0) (128,0,0)    (11,0,0) (255,0,0)   128 0x0000000325bad390                                                                                       /workspace/flashinfer/3rdparty/cutlass/include/cutlass/arch/barrier.h   425 
  (11,0,0) (256,0,0)    (11,0,0) (383,0,0)   128 0x0000000325bad340                                                                                       /workspace/flashinfer/3rdparty/cutlass/include/cutlass/arch/barrier.h   425 
  (13,0,0)   (0,0,0)    (13,0,0)   (0,0,0)     1 0x0000000325baa9d0                                                                                  /workspace/flashinfer/3rdparty/cutlass/include/cute/arch/copy_sm90_tma.hpp   233 
  (13,0,0)   (1,0,0)    (13,0,0)  (31,0,0)    31 0x0000000325baaa10 /workspace/flashinfer/csrc/nv_internal/tensorrt_llm/cutlass_extensions/include/cutlass_extensions/gemm/collective/sm120_blockscaled_mma_gated_array_tma.hpp   761 
  (13,0,0)  (64,0,0)    (13,0,0)  (95,0,0)    32 0x0000000325badc30                                                                                       /workspace/flashinfer/3rdparty/cutlass/include/cutlass/arch/barrier.h   425 
  (13,0,0)  (96,0,0)    (13,0,0) (127,0,0)    32 0x0000000325bad730                                                                                       /workspace/flashinfer/3rdparty/cutlass/include/cutlass/arch/barrier.h   425 
  (13,0,0) (128,0,0)    (13,0,0) (255,0,0)   128 0x0000000325bad390                                                                                       /workspace/flashinfer/3rdparty/cutlass/include/cutlass/arch/barrier.h   425 
  (13,0,0) (256,0,0)    (13,0,0) (383,0,0)   128 0x0000000325bad340                                                                                       /workspace/flashinfer/3rdparty/cutlass/include/cutlass/arch/barrier.h   425 
  (15,0,0)   (0,0,0)    (15,0,0)   (0,0,0)     1 0x0000000325baa9d0                                                                                  /workspace/flashinfer/3rdparty/cutlass/include/cute/arch/copy_sm90_tma.hpp   233 
  (15,0,0)   (1,0,0)    (15,0,0)  (31,0,0)    31 0x0000000325baaa10 /workspace/flashinfer/csrc/nv_internal/tensorrt_llm/cutlass_extensions/include/cutlass_extensions/gemm/collective/sm120_blockscaled_mma_gated_array_tma.hpp   761 
  (15,0,0)  (64,0,0)    (15,0,0)  (95,0,0)    32 0x0000000325badc30                                                                                       /workspace/flashinfer/3rdparty/cutlass/include/cutlass/arch/barrier.h   425 
  (15,0,0)  (96,0,0)    (15,0,0) (127,0,0)    32 0x0000000325bad730                                                                                       /workspace/flashinfer/3rdparty/cutlass/include/cutlass/arch/barrier.h   425 
  (15,0,0) (128,0,0)    (15,0,0) (255,0,0)   128 0x0000000325bad390                                                                                       /workspace/flashinfer/3rdparty/cutlass/include/cutlass/arch/barrier.h   425 
  (15,0,0) (256,0,0)    (15,0,0) (383,0,0)   128 0x0000000325bad340                                                                                       /workspace/flashinfer/3rdparty/cutlass/include/cutlass/arch/barrier.h   425 
  (17,0,0)   (0,0,0)    (17,0,0)   (0,0,0)     1 0x0000000325baa9d0                                                                                  /workspace/flashinfer/3rdparty/cutlass/include/cute/arch/copy_sm90_tma.hpp   233 
  (17,0,0)   (1,0,0)    (17,0,0)  (31,0,0)    31 0x0000000325baaa10 /workspace/flashinfer/csrc/nv_internal/tensorrt_llm/cutlass_extensions/include/cutlass_extensions/gemm/collective/sm120_blockscaled_mma_gated_array_tma.hpp   761 
  (17,0,0)  (64,0,0)    (17,0,0)  (95,0,0)    32 0x0000000325badc30                                                                                       /workspace/flashinfer/3rdparty/cutlass/include/cutlass/arch/barrier.h   425 
  (17,0,0)  (96,0,0)    (17,0,0) (127,0,0)    32 0x0000000325bad790                                                                                       /workspace/flashinfer/3rdparty/cutlass/include/cutlass/arch/barrier.h   425 
  (17,0,0) (128,0,0)    (17,0,0) (255,0,0)   128 0x0000000325bad390                                                                                       /workspace/flashinfer/3rdparty/cutlass/include/cutlass/arch/barrier.h   425 
  (17,0,0) (256,0,0)    (17,0,0) (383,0,0)   128 0x0000000325bad340                                                                                       /workspace/flashinfer/3rdparty/cutlass/include/cutlass/arch/barrier.h   425 
  (19,0,0)   (0,0,0)    (19,0,0)   (0,0,0)     1 0x0000000325baa9d0                                                                                  /workspace/flashinfer/3rdparty/cutlass/include/cute/arch/copy_sm90_tma.hpp   233 
  (19,0,0)   (1,0,0)    (19,0,0)  (31,0,0)    31 0x0000000325baaa10 /workspace/flashinfer/csrc/nv_internal/tensorrt_llm/cutlass_extensions/include/cutlass_extensions/gemm/collective/sm120_blockscaled_mma_gated_array_tma.hpp   761 
  (19,0,0)  (64,0,0)    (19,0,0)  (95,0,0)    32 0x0000000325badc30                                                                                       /workspace/flashinfer/3rdparty/cutlass/include/cutlass/arch/barrier.h   425 
  (19,0,0)  (96,0,0)    (19,0,0) (127,0,0)    32 0x0000000325bad790                                                                                       /workspace/flashinfer/3rdparty/cutlass/include/cutlass/arch/barrier.h   425 
  (19,0,0) (128,0,0)    (19,0,0) (255,0,0)   128 0x0000000325bad390                                                                                       /workspace/flashinfer/3rdparty/cutlass/include/cutlass/arch/barrier.h   425 
  (19,0,0) (256,0,0)    (19,0,0) (383,0,0)   128 0x0000000325bad340                                                                                       /workspace/flashinfer/3rdparty/cutlass/include/cutlass/arch/barrier.h   425 
  (21,0,0)   (0,0,0)    (21,0,0)   (0,0,0)     1 0x0000000325baa9d0                                                                                  /workspace/flashinfer/3rdparty/cutlass/include/cute/arch/copy_sm90_tma.hpp   233 
  (21,0,0)   (1,0,0)    (21,0,0)  (31,0,0)    31 0x0000000325baaa10 /workspace/flashinfer/csrc/nv_internal/tensorrt_llm/cutlass_extensions/include/cutlass_extensions/gemm/collective/sm120_blockscaled_mma_gated_array_tma.hpp   761 
  (21,0,0)  (64,0,0)    (21,0,0)  (95,0,0)    32 0x0000000325badc30                                                                                       /workspace/flashinfer/3rdparty/cutlass/include/cutlass/arch/barrier.h   425 
  (21,0,0)  (96,0,0)    (21,0,0) (127,0,0)    32 0x0000000325bad790                                                                                       /workspace/flashinfer/3rdparty/cutlass/include/cutlass/arch/barrier.h   425 
  (21,0,0) (128,0,0)    (21,0,0) (255,0,0)   128 0x0000000325bad390                                                                                       /workspace/flashinfer/3rdparty/cutlass/include/cutlass/arch/barrier.h   425 
  (21,0,0) (256,0,0)    (21,0,0) (383,0,0)   128 0x0000000325bad340                                                                                       /workspace/flashinfer/3rdparty/cutlass/include/cutlass/arch/barrier.h   425 
  (23,0,0)   (0,0,0)    (23,0,0)   (0,0,0)     1 0x0000000325baa9d0                                                                                  /workspace/flashinfer/3rdparty/cutlass/include/cute/arch/copy_sm90_tma.hpp   233 
  (23,0,0)   (1,0,0)    (23,0,0)  (31,0,0)    31 0x0000000325baaa10 /workspace/flashinfer/csrc/nv_internal/tensorrt_llm/cutlass_extensions/include/cutlass_extensions/gemm/collective/sm120_blockscaled_mma_gated_array_tma.hpp   761 
  (23,0,0)  (64,0,0)    (23,0,0)  (95,0,0)    32 0x0000000325badc30                                                                                       /workspace/flashinfer/3rdparty/cutlass/include/cutlass/arch/barrier.h   425 
  (23,0,0)  (96,0,0)    (23,0,0) (127,0,0)    32 0x0000000325bad790                                                                                       /workspace/flashinfer/3rdparty/cutlass/include/cutlass/arch/barrier.h   425 
  (23,0,0) (128,0,0)    (23,0,0) (255,0,0)   128 0x0000000325bad390                                                                                       /workspace/flashinfer/3rdparty/cutlass/include/cutlass/arch/barrier.h   425 
  (23,0,0) (256,0,0)    (23,0,0) (383,0,0)   128 0x0000000325bad340                                                                                       /workspace/flashinfer/3rdparty/cutlass/include/cutlass/arch/barrier.h   425 
  (25,0,0)   (0,0,0)    (25,0,0)   (0,0,0)     1 0x0000000325baa9d0                                                                                  /workspace/flashinfer/3rdparty/cutlass/include/cute/arch/copy_sm90_tma.hpp   233 
  (25,0,0)   (1,0,0)    (25,0,0)  (31,0,0)    31 0x0000000325baaa10 /workspace/flashinfer/csrc/nv_internal/tensorrt_llm/cutlass_extensions/include/cutlass_extensions/gemm/collective/sm120_blockscaled_mma_gated_array_tma.hpp   761 
  (25,0,0)  (64,0,0)    (25,0,0)  (95,0,0)    32 0x0000000325badc30                                                                                       /workspace/flashinfer/3rdparty/cutlass/include/cutlass/arch/barrier.h   425 
  (25,0,0)  (96,0,0)    (25,0,0) (127,0,0)    32 0x0000000325bad790                                                                                       /workspace/flashinfer/3rdparty/cutlass/include/cutlass/arch/barrier.h   425 
  (25,0,0) (128,0,0)    (25,0,0) (159,0,0)    32 0x0000000325ba1130                                                                                                                /usr/local/cuda/include/sm_20_intrinsics.hpp   151 
  (25,0,0) (160,0,0)    (25,0,0) (255,0,0)    96 0x0000000325bad390                                                                                       /workspace/flashinfer/3rdparty/cutlass/include/cutlass/arch/barrier.h   425 
  (25,0,0) (256,0,0)    (25,0,0) (383,0,0)   128 0x0000000325bad340                                                                                       /workspace/flashinfer/3rdparty/cutlass/include/cutlass/arch/barrier.h   425 
  (27,0,0)   (0,0,0)    (27,0,0)   (0,0,0)     1 0x0000000325baa9d0                                                                                  /workspace/flashinfer/3rdparty/cutlass/include/cute/arch/copy_sm90_tma.hpp   233 
  (27,0,0)   (1,0,0)    (27,0,0)  (31,0,0)    31 0x0000000325baaa10 /workspace/flashinfer/csrc/nv_internal/tensorrt_llm/cutlass_extensions/include/cutlass_extensions/gemm/collective/sm120_blockscaled_mma_gated_array_tma.hpp   761 
  (27,0,0)  (64,0,0)    (27,0,0)  (95,0,0)    32 0x0000000325badc30                                                                                       /workspace/flashinfer/3rdparty/cutlass/include/cutlass/arch/barrier.h   425 
  (27,0,0)  (96,0,0)    (27,0,0) (127,0,0)    32 0x0000000325bad790                                                                                       /workspace/flashinfer/3rdparty/cutlass/include/cutlass/arch/barrier.h   425 
  (27,0,0) (128,0,0)    (27,0,0) (255,0,0)   128 0x0000000325bad390                                                                                       /workspace/flashinfer/3rdparty/cutlass/include/cutlass/arch/barrier.h   425 
  (27,0,0) (256,0,0)    (27,0,0) (383,0,0)   128 0x0000000325bad340                                                                                       /workspace/flashinfer/3rdparty/cutlass/include/cutlass/arch/barrier.h   425 
  (29,0,0)   (0,0,0)    (29,0,0)   (0,0,0)     1 0x0000000325baa9d0                                                                                  /workspace/flashinfer/3rdparty/cutlass/include/cute/arch/copy_sm90_tma.hpp   233 
  (29,0,0)   (1,0,0)    (29,0,0)  (31,0,0)    31 0x0000000325baaa10 /workspace/flashinfer/csrc/nv_internal/tensorrt_llm/cutlass_extensions/include/cutlass_extensions/gemm/collective/sm120_blockscaled_mma_gated_array_tma.hpp   761 
  (29,0,0)  (64,0,0)    (29,0,0)  (95,0,0)    32 0x0000000325badc30                                                                                       /workspace/flashinfer/3rdparty/cutlass/include/cutlass/arch/barrier.h   425 
  (29,0,0)  (96,0,0)    (29,0,0) (127,0,0)    32 0x0000000325bad790                                                                                       /workspace/flashinfer/3rdparty/cutlass/include/cutlass/arch/barrier.h   425 
  (29,0,0) (128,0,0)    (29,0,0) (255,0,0)   128 0x0000000325bad390                                                                                       /workspace/flashinfer/3rdparty/cutlass/include/cutlass/arch/barrier.h   425 
  (29,0,0) (256,0,0)    (29,0,0) (383,0,0)   128 0x0000000325bad340                                                                                       /workspace/flashinfer/3rdparty/cutlass/include/cutlass/arch/barrier.h   425 
  (31,0,0)   (0,0,0)    (31,0,0)   (0,0,0)     1 0x0000000325baa9d0                                                                                  /workspace/flashinfer/3rdparty/cutlass/include/cute/arch/copy_sm90_tma.hpp   233 
  (31,0,0)   (1,0,0)    (31,0,0)  (31,0,0)    31 0x0000000325baaa10 /workspace/flashinfer/csrc/nv_internal/tensorrt_llm/cutlass_extensions/include/cutlass_extensions/gemm/collective/sm120_blockscaled_mma_gated_array_tma.hpp   761 
  (31,0,0)  (64,0,0)    (31,0,0)  (95,0,0)    32 0x0000000325badc30                                                                                       /workspace/flashinfer/3rdparty/cutlass/include/cutlass/arch/barrier.h   425 
  (31,0,0)  (96,0,0)    (31,0,0) (127,0,0)    32 0x0000000325bad790                                                                                       /workspace/flashinfer/3rdparty/cutlass/include/cutlass/arch/barrier.h   425 
  (31,0,0) (128,0,0)    (31,0,0) (255,0,0)   128 0x0000000325bad390                                                                                       /workspace/flashinfer/3rdparty/cutlass/include/cutlass/arch/barrier.h   425 
  (31,0,0) (256,0,0)    (31,0,0) (383,0,0)   128 0x0000000325bad340                                                                                       /workspace/flashinfer/3rdparty/cutlass/include/cutlass/arch/barrier.h   425 
  (33,0,0)   (0,0,0)    (33,0,0)   (0,0,0)     1 0x0000000325baa9d0                                                                                  /workspace/flashinfer/3rdparty/cutlass/include/cute/arch/copy_sm90_tma.hpp   233 
  (33,0,0)   (1,0,0)    (33,0,0)  (31,0,0)    31 0x0000000325baaa10 /workspace/flashinfer/csrc/nv_internal/tensorrt_llm/cutlass_extensions/include/cutlass_extensions/gemm/collective/sm120_blockscaled_mma_gated_array_tma.hpp   761 
  (33,0,0)  (64,0,0)    (33,0,0)  (95,0,0)    32 0x0000000325badc30                                                                                       /workspace/flashinfer/3rdparty/cutlass/include/cutlass/arch/barrier.h   425 
  (33,0,0)  (96,0,0)    (33,0,0) (127,0,0)    32 0x0000000325bad790                                                                                       /workspace/flashinfer/3rdparty/cutlass/include/cutlass/arch/barrier.h   425 
  (33,0,0) (128,0,0)    (33,0,0) (255,0,0)   128 0x0000000325bad390                                                                                       /workspace/flashinfer/3rdparty/cutlass/include/cutlass/arch/barrier.h   425 
  (33,0,0) (256,0,0)    (33,0,0) (383,0,0)   128 0x0000000325bad340                                                                                       /workspace/flashinfer/3rdparty/cutlass/include/cutlass/arch/barrier.h   425 
  (35,0,0)   (0,0,0)    (35,0,0)   (0,0,0)     1 0x0000000325baa9d0                                                                                  /workspace/flashinfer/3rdparty/cutlass/include/cute/arch/copy_sm90_tma.hpp   233 
  (35,0,0)   (1,0,0)    (35,0,0)  (31,0,0)    31 0x0000000325baaa10 /workspace/flashinfer/csrc/nv_internal/tensorrt_llm/cutlass_extensions/include/cutlass_extensions/gemm/collective/sm120_blockscaled_mma_gated_array_tma.hpp   761 
  (35,0,0)  (64,0,0)    (35,0,0)  (95,0,0)    32 0x0000000325badc30                                                                                       /workspace/flashinfer/3rdparty/cutlass/include/cutlass/arch/barrier.h   425 
  (35,0,0)  (96,0,0)    (35,0,0) (127,0,0)    32 0x0000000325bad790                                                                                       /workspace/flashinfer/3rdparty/cutlass/include/cutlass/arch/barrier.h   425 
  (35,0,0) (128,0,0)    (35,0,0) (255,0,0)   128 0x0000000325bad390                                                                                       /workspace/flashinfer/3rdparty/cutlass/include/cutlass/arch/barrier.h   425 
  (35,0,0) (256,0,0)    (35,0,0) (383,0,0)   128 0x0000000325bad340                                                                                       /workspace/flashinfer/3rdparty/cutlass/include/cutlass/arch/barrier.h   425 
  (37,0,0)   (0,0,0)    (37,0,0)   (0,0,0)     1 0x0000000325baa9d0                                                                                  /workspace/flashinfer/3rdparty/cutlass/include/cute/arch/copy_sm90_tma.hpp   233 
  (37,0,0)   (1,0,0)    (37,0,0)  (31,0,0)    31 0x0000000325baaa10 /workspace/flashinfer/csrc/nv_internal/tensorrt_llm/cutlass_extensions/include/cutlass_extensions/gemm/collective/sm120_blockscaled_mma_gated_array_tma.hpp   761 
  (37,0,0)  (64,0,0)    (37,0,0)  (95,0,0)    32 0x0000000325badc30                                                                                       /workspace/flashinfer/3rdparty/cutlass/include/cutlass/arch/barrier.h   425 
  (37,0,0)  (96,0,0)    (37,0,0) (127,0,0)    32 0x0000000325bad790                                                                                       /workspace/flashinfer/3rdparty/cutlass/include/cutlass/arch/barrier.h   425 
  (37,0,0) (128,0,0)    (37,0,0) (255,0,0)   128 0x0000000325bad390                                                                                       /workspace/flashinfer/3rdparty/cutlass/include/cutlass/arch/barrier.h   425 
  (37,0,0) (256,0,0)    (37,0,0) (383,0,0)   128 0x0000000325bad340                                                                                       /workspace/flashinfer/3rdparty/cutlass/include/cutlass/arch/barrier.h   425 
  (39,0,0)   (0,0,0)    (39,0,0)   (0,0,0)     1 0x0000000325baa9d0                                                                                  /workspace/flashinfer/3rdparty/cutlass/include/cute/arch/copy_sm90_tma.hpp   233 
  (39,0,0)   (1,0,0)    (39,0,0)  (31,0,0)    31 0x0000000325baaa10 /workspace/flashinfer/csrc/nv_internal/tensorrt_llm/cutlass_extensions/include/cutlass_extensions/gemm/collective/sm120_blockscaled_mma_gated_array_tma.hpp   761 
  (39,0,0)  (64,0,0)    (39,0,0)  (95,0,0)    32 0x0000000325badc30                                                                                       /workspace/flashinfer/3rdparty/cutlass/include/cutlass/arch/barrier.h   425 
  (39,0,0)  (96,0,0)    (39,0,0) (127,0,0)    32 0x0000000325bad790                                                                                       /workspace/flashinfer/3rdparty/cutlass/include/cutlass/arch/barrier.h   425 
  (39,0,0) (128,0,0)    (39,0,0) (255,0,0)   128 0x0000000325bad390                                                                                       /workspace/flashinfer/3rdparty/cutlass/include/cutlass/arch/barrier.h   425 
  (39,0,0) (256,0,0)    (39,0,0) (383,0,0)   128 0x0000000325bad340                                                                                       /workspace/flashinfer/3rdparty/cutlass/include/cutlass/arch/barrier.h   425 
  (41,0,0)   (0,0,0)    (41,0,0)   (0,0,0)     1 0x0000000325baa9d0                                                                                  /workspace/flashinfer/3rdparty/cutlass/include/cute/arch/copy_sm90_tma.hpp   233 
  (41,0,0)   (1,0,0)    (41,0,0)  (31,0,0)    31 0x0000000325baaa10 /workspace/flashinfer/csrc/nv_internal/tensorrt_llm/cutlass_extensions/include/cutlass_extensions/gemm/collective/sm120_blockscaled_mma_gated_array_tma.hpp   761 
  (41,0,0)  (64,0,0)    (41,0,0)  (95,0,0)    32 0x0000000325badc30                                                                                       /workspace/flashinfer/3rdparty/cutlass/include/cutlass/arch/barrier.h   425 
  (41,0,0)  (96,0,0)    (41,0,0) (127,0,0)    32 0x0000000325bad790                                                                                       /workspace/flashinfer/3rdparty/cutlass/include/cutlass/arch/barrier.h   425 
  (41,0,0) (128,0,0)    (41,0,0) (255,0,0)   128 0x0000000325bad390                                                                                       /workspace/flashinfer/3rdparty/cutlass/include/cutlass/arch/barrier.h   425 
  (41,0,0) (256,0,0)    (41,0,0) (383,0,0)   128 0x0000000325bad340                                                                                       /workspace/flashinfer/3rdparty/cutlass/include/cutlass/arch/barrier.h   425 
  (43,0,0)   (0,0,0)    (43,0,0)   (0,0,0)     1 0x0000000325baa9d0                                                                                  /workspace/flashinfer/3rdparty/cutlass/include/cute/arch/copy_sm90_tma.hpp   233 
  (43,0,0)   (1,0,0)    (43,0,0)  (31,0,0)    31 0x0000000325baaa10 /workspace/flashinfer/csrc/nv_internal/tensorrt_llm/cutlass_extensions/include/cutlass_extensions/gemm/collective/sm120_blockscaled_mma_gated_array_tma.hpp   761 
  (43,0,0)  (64,0,0)    (43,0,0)  (95,0,0)    32 0x0000000325badc30                                                                                       /workspace/flashinfer/3rdparty/cutlass/include/cutlass/arch/barrier.h   425 
  (43,0,0)  (96,0,0)    (43,0,0) (127,0,0)    32 0x0000000325bad790                                                                                       /workspace/flashinfer/3rdparty/cutlass/include/cutlass/arch/barrier.h   425 
  (43,0,0) (128,0,0)    (43,0,0) (255,0,0)   128 0x0000000325bad390                                                                                       /workspace/flashinfer/3rdparty/cutlass/include/cutlass/arch/barrier.h   425 
  (43,0,0) (256,0,0)    (43,0,0) (383,0,0)   128 0x0000000325bad340                                                                                       /workspace/flashinfer/3rdparty/cutlass/include/cutlass/arch/barrier.h   425 
  (45,0,0)   (0,0,0)    (45,0,0)   (0,0,0)     1 0x0000000325baa9d0                                                                                  /workspace/flashinfer/3rdparty/cutlass/include/cute/arch/copy_sm90_tma.hpp   233 
  (45,0,0)   (1,0,0)    (45,0,0)  (31,0,0)    31 0x0000000325baaa10 /workspace/flashinfer/csrc/nv_internal/tensorrt_llm/cutlass_extensions/include/cutlass_extensions/gemm/collective/sm120_blockscaled_mma_gated_array_tma.hpp   761 
  (45,0,0)  (64,0,0)    (45,0,0)  (95,0,0)    32 0x0000000325badc30                                                                                       /workspace/flashinfer/3rdparty/cutlass/include/cutlass/arch/barrier.h   425 
  (45,0,0)  (96,0,0)    (45,0,0) (127,0,0)    32 0x0000000325bad790                                                                                       /workspace/flashinfer/3rdparty/cutlass/include/cutlass/arch/barrier.h   425 
  (45,0,0) (128,0,0)    (45,0,0) (255,0,0)   128 0x0000000325bad390                                                                                       /workspace/flashinfer/3rdparty/cutlass/include/cutlass/arch/barrier.h   425 
  (45,0,0) (256,0,0)    (45,0,0) (383,0,0)   128 0x0000000325bad340                                                                                       /workspace/flashinfer/3rdparty/cutlass/include/cutlass/arch/barrier.h   425 
  (47,0,0)   (0,0,0)    (47,0,0)   (0,0,0)     1 0x0000000325baa9d0                                                                                  /workspace/flashinfer/3rdparty/cutlass/include/cute/arch/copy_sm90_tma.hpp   233 
  (47,0,0)   (1,0,0)    (47,0,0)  (31,0,0)    31 0x0000000325baaa10 /workspace/flashinfer/csrc/nv_internal/tensorrt_llm/cutlass_extensions/include/cutlass_extensions/gemm/collective/sm120_blockscaled_mma_gated_array_tma.hpp   761 
  (47,0,0)  (64,0,0)    (47,0,0)  (95,0,0)    32 0x0000000325badc30                                                                                       /workspace/flashinfer/3rdparty/cutlass/include/cutlass/arch/barrier.h   425 
  (47,0,0)  (96,0,0)    (47,0,0) (127,0,0)    32 0x0000000325bad790                                                                                       /workspace/flashinfer/3rdparty/cutlass/include/cutlass/arch/barrier.h   425 
  (47,0,0) (128,0,0)    (47,0,0) (255,0,0)   128 0x0000000325bad390                                                                                       /workspace/flashinfer/3rdparty/cutlass/include/cutlass/arch/barrier.h   425 
  (47,0,0) (256,0,0)    (47,0,0) (383,0,0)   128 0x0000000325bad340                                                                                       /workspace/flashinfer/3rdparty/cutlass/include/cutlass/arch/barrier.h   425 
#0  _ZN7cutlass13device_kernelINS_4gemm6kernel13GemmUniversalINS1_17GroupProblemShapeIN4cute5tupleIJlllEEEEENS1_10collective13CollectiveMmaINS9_52MainloopSm120ArrayTmaWarpSpecializedBlockScaledGatedILi2ELi1ENS6_IJNS5_1CILi1EEESD_SD_EEENS1_40KernelPtrArrayTmaWarpSpecializedPingpongEEENS6_IJNSC_ILi64EEESH_NSC_ILi128EEEEEENS6_IJNS_12float_e4m3_tENS_13float_ue8m0_tEEEENS6_IJPNS6_IJlSD_NSC_ILi0EEEEEEPNS5_6LayoutINS6_IJNS6_IJNS6_IJNSC_ILi32EEENSC_ILi4EEEEEEiEEESU_NS6_IJSD_iEEEEEENS6_IJNS6_IJNS6_IJNSC_ILi16EEESS_EEEiEEENS6_IJNS6_IJSN_SD_EEENSC_ILi512EEEEEENS6_IJSN_iEEEEEEEEEEENS6_IJNS_12float_e2m1_tESL_EEES17_NS5_8TiledMMAINS5_8MMA_AtomIJNS5_5SM12011BLOCKSCALED19SM120_16x8x32_TN_VSISK_S18_fSL_Li32EEEEEENSQ_INS6_IJNSC_ILi2EEES1H_SD_EEENS6_IJSD_S1H_SN_EEEEENS6_IJSH_NSQ_INS6_IJNSC_ILi8EEES1H_S1H_EEENS6_IJSD_SX_S1L_EEEEESR_EEEEENS6_IJNS5_13SM90_TMA_LOADES1R_EEENS6_IJNS5_14ComposedLayoutINS5_7SwizzleILi3ELi4ELi3EEENS5_18smem_ptr_flag_bitsILi8EEENSQ_INS6_IJS1L_SI_EEENS6_IJSI_SD_EEEEEEENSQ_INS6_IJNS6_IJST_SD_EEENS6_IJNS6_IJSR_SD_EEESS_SD_EEEEEENS6_IJNS6_IJSY_S11_EEENS6_IJS10_SD_S11_EEEEEEEEEEENS6_IJNS5_9Copy_AtomIJNS5_17SM75_U32x4_LDSM_NEhEEENS2B_IJNS5_13UniversalCopyISL_SL_EESL_EEEEEENS5_8identityES1S_S2A_NS6_IJNS2B_IJNS5_26SM100_SU4_DU8x16_x4_LDSM_NEhEEES2G_EEES2I_EENS_8epilogue10collective18CollectiveEpilogueINS2N_30Sm90PtrArrayTmaWarpSpecializedILi3ELi2ELi4ELb1ELb0ELi2EEEJSJ_NS6_IJSH_SR_EEENS_10bfloat16_tESP_S2T_SP_NS2N_6fusion15FusionCallbacksINS2N_31Sm120PtrArrayTmaWarpSpecializedILi3ELi2ELi4ELb1ELb0ELi2EEENS2U_17LinearCombinationIS2T_fS2T_fLNS_15FloatRoundStyleE2EEESJ_S2S_JEEES1R_NS1T_INS1U_ILi2ELi4ELi3EEENS1W_ILi16EEENSQ_INS6_IJS1L_SR_EEES23_EEEENS5_17SM75_U32x2_LDSM_NENS5_14SM90_TMA_STOREES36_NS5_17SM90_U32x2_STSM_NENS2B_IJS39_NS_6half_tEEEEvEEEvvEEEEvNT_6ParamsE<<<(48,1,1),(384,1,1)>>> () at /workspace/flashinfer/3rdparty/cutlass/include/cute/arch/copy_sm90_tma.hpp:233 in _ZN4cute16SM90_TMA_LOAD_4D4copyEPKvPmmPvRKiS6_S6_S6_ inlined from copy_sm90_tma.hpp:355
  Ln   State           PC         ThreadIdx              Exception             
Device 0 SM 1 Warp 2
*  0   active  0x0000000325baa9d0   (0,0,0) Warp Illegal Instruction Parameter 
   1 divergent 0x0000000325baaa10   (1,0,0) Warp Illegal Instruction Parameter 
   2 divergent 0x0000000325baaa10   (2,0,0) Warp Illegal Instruction Parameter 
   3 divergent 0x0000000325baaa10   (3,0,0) Warp Illegal Instruction Parameter 
   4 divergent 0x0000000325baaa10   (4,0,0) Warp Illegal Instruction Parameter 
   5 divergent 0x0000000325baaa10   (5,0,0) Warp Illegal Instruction Parameter 
   6 divergent 0x0000000325baaa10   (6,0,0) Warp Illegal Instruction Parameter 
   7 divergent 0x0000000325baaa10   (7,0,0) Warp Illegal Instruction Parameter 
   8 divergent 0x0000000325baaa10   (8,0,0) Warp Illegal Instruction Parameter 
   9 divergent 0x0000000325baaa10   (9,0,0) Warp Illegal Instruction Parameter 
  10 divergent 0x0000000325baaa10  (10,0,0) Warp Illegal Instruction Parameter 
  11 divergent 0x0000000325baaa10  (11,0,0) Warp Illegal Instruction Parameter 
  12 divergent 0x0000000325baaa10  (12,0,0) Warp Illegal Instruction Parameter 
  13 divergent 0x0000000325baaa10  (13,0,0) Warp Illegal Instruction Parameter 
  14 divergent 0x0000000325baaa10  (14,0,0) Warp Illegal Instruction Parameter 
  15 divergent 0x0000000325baaa10  (15,0,0) Warp Illegal Instruction Parameter 
  16 divergent 0x0000000325baaa10  (16,0,0) Warp Illegal Instruction Parameter 
  17 divergent 0x0000000325baaa10  (17,0,0) Warp Illegal Instruction Parameter 
  18 divergent 0x0000000325baaa10  (18,0,0) Warp Illegal Instruction Parameter 
  19 divergent 0x0000000325baaa10  (19,0,0) Warp Illegal Instruction Parameter 
  20 divergent 0x0000000325baaa10  (20,0,0) Warp Illegal Instruction Parameter 
  21 divergent 0x0000000325baaa10  (21,0,0) Warp Illegal Instruction Parameter 
  22 divergent 0x0000000325baaa10  (22,0,0) Warp Illegal Instruction Parameter 
  23 divergent 0x0000000325baaa10  (23,0,0) Warp Illegal Instruction Parameter 
  24 divergent 0x0000000325baaa10  (24,0,0) Warp Illegal Instruction Parameter 
  25 divergent 0x0000000325baaa10  (25,0,0) Warp Illegal Instruction Parameter 
  26 divergent 0x0000000325baaa10  (26,0,0) Warp Illegal Instruction Parameter 
  27 divergent 0x0000000325baaa10  (27,0,0) Warp Illegal Instruction Parameter 
  28 divergent 0x0000000325baaa10  (28,0,0) Warp Illegal Instruction Parameter 
  29 divergent 0x0000000325baaa10  (29,0,0) Warp Illegal Instruction Parameter 
  30 divergent 0x0000000325baaa10  (30,0,0) Warp Illegal Instruction Parameter 
  31 divergent 0x0000000325baaa10  (31,0,0) Warp Illegal Instruction Parameter 
   0x325baa9a8 <_ZN7cutlass13device_kernelINS_4gemm6kernel13GemmUniversalINS1_17GroupProblemShapeIN4cute5tupleIJlllEEEEENS1_10collective13CollectiveMmaINS9_52MainloopSm120ArrayTmaWarpSpecializedBlockScaledGatedILi2ELi1ENS6_IJNS5_1CILi1EEESD_SD_EEENS1_40KernelPtrArrayTmaWarpSpecializedPingpongEEENS6_IJNSC_ILi64EEESH_NSC_ILi128EEEEEENS6_IJNS_12float_e4m3_tENS_13float_ue8m0_tEEEENS6_IJPNS6_IJlSD_NSC_ILi0EEEEEEPNS5_6LayoutINS6_IJNS6_IJNS6_IJNSC_ILi32EEENSC_ILi4EEEEEEiEEESU_NS6_IJSD_iEEEEEENS6_IJNS6_IJNS6_IJNSC_ILi16EEESS_EEEiEEENS6_IJNS6_IJSN_SD_EEENSC_ILi512EEEEEENS6_IJSN_iEEEEEEEEEEENS6_IJNS_12float_e2m1_tESL_EEES17_NS5_8TiledMMAINS5_8MMA_AtomIJNS5_5SM12011BLOCKSCALED19SM120_16x8x32_TN_VSISK_S18_fSL_Li32EEEEEENSQ_INS6_IJNSC_ILi2EEES1H_SD_EEENS6_IJSD_S1H_SN_EEEEENS6_IJSH_NSQ_INS6_IJNSC_ILi8EEES1H_S1H_EEENS6_IJSD_SX_S1L_EEEEESR_EEEEENS6_IJNS5_13SM90_TMA_LOADES1R_EEENS6_IJNS5_14ComposedLayoutINS5_7SwizzleILi3ELi4ELi3EEENS5_18smem_ptr_flag_bitsILi8EEENSQ_INS6_IJS1L_SI_EEENS6_IJSI_SD_EEEEEEENSQ_INS6_IJNS6_IJST_SD_EEENS6_IJNS6_IJSR_SD_EEESS_SD_EEEEEENS6_IJNS6_IJSY_S11_EEENS6_IJS10_SD_S11_EEEEEEEEEEENS6_IJNS5_9Copy_AtomIJNS5_17SM75_U32x4_LDSM_NEhEEENS2B_IJNS5_13UniversalCopyISL_SL_EESL_EEEEEENS5_8identityES1S_S2A_NS6_IJNS2B_IJNS5_26SM100_SU4_DU8x16_x4_LDSM_NEhEEES2G_EEES2I_EENS_8epilogue10collective18CollectiveEpilogueINS2N_30Sm90PtrArrayTmaWarpSpecializedILi3ELi2ELi4ELb1ELb0ELi2EEEJSJ_NS6_IJSH_SR_EEENS_10bfloat16_tESP_S2T_SP_NS2N_6fusion15FusionCallbacksINS2N_31Sm120PtrArrayTmaWarpSpecializedILi3ELi2ELi4ELb1ELb0ELi2EEENS2U_17LinearCombinationIS2T_fS2T_fLNS_15FloatRoundStyleE2EEESJ_S2S_JEEES1R_NS1T_INS1U_ILi2ELi4ELi3EEENS1W_ILi16EEENSQ_INS6_IJS1L_SR_EEES23_EEEENS5_17SM75_U32x2_LDSM_NENS5_14SM90_TMA_STOREES36_NS5_17SM90_U32x2_STSM_NENS2B_IJS39_NS_6half_tEEEEvEEEvvEEEEvNT_6ParamsE+51880>:	Cannot disassemble instruction at pc 0x325baa9a8
   0x325baa9b8 <_ZN7cutlass13device_kernelINS_4gemm6kernel13GemmUniversalINS1_17GroupProblemShapeIN4cute5tupleIJlllEEEEENS1_10collective13CollectiveMmaINS9_52MainloopSm120ArrayTmaWarpSpecializedBlockScaledGatedILi2ELi1ENS6_IJNS5_1CILi1EEESD_SD_EEENS1_40KernelPtrArrayTmaWarpSpecializedPingpongEEENS6_IJNSC_ILi64EEESH_NSC_ILi128EEEEEENS6_IJNS_12float_e4m3_tENS_13float_ue8m0_tEEEENS6_IJPNS6_IJlSD_NSC_ILi0EEEEEEPNS5_6LayoutINS6_IJNS6_IJNS6_IJNSC_ILi32EEENSC_ILi4EEEEEEiEEESU_NS6_IJSD_iEEEEEENS6_IJNS6_IJNS6_IJNSC_ILi16EEESS_EEEiEEENS6_IJNS6_IJSN_SD_EEENSC_ILi512EEEEEENS6_IJSN_iEEEEEEEEEEENS6_IJNS_12float_e2m1_tESL_EEES17_NS5_8TiledMMAINS5_8MMA_AtomIJNS5_5SM12011BLOCKSCALED19SM120_16x8x32_TN_VSISK_S18_fSL_Li32EEEEEENSQ_INS6_IJNSC_ILi2EEES1H_SD_EEENS6_IJSD_S1H_SN_EEEEENS6_IJSH_NSQ_INS6_IJNSC_ILi8EEES1H_S1H_EEENS6_IJSD_SX_S1L_EEEEESR_EEEEENS6_IJNS5_13SM90_TMA_LOADES1R_EEENS6_IJNS5_14ComposedLayoutINS5_7SwizzleILi3ELi4ELi3EEENS5_18smem_ptr_flag_bitsILi8EEENSQ_INS6_IJS1L_SI_EEENS6_IJSI_SD_EEEEEEENSQ_INS6_IJNS6_IJST_SD_EEENS6_IJNS6_IJSR_SD_EEESS_SD_EEEEEENS6_IJNS6_IJSY_S11_EEENS6_IJS10_SD_S11_EEEEEEEEEEENS6_IJNS5_9Copy_AtomIJNS5_17SM75_U32x4_LDSM_NEhEEENS2B_IJNS5_13UniversalCopyISL_SL_EESL_EEEEEENS5_8identityES1S_S2A_NS6_IJNS2B_IJNS5_26SM100_SU4_DU8x16_x4_LDSM_NEhEEES2G_EEES2I_EENS_8epilogue10collective18CollectiveEpilogueINS2N_30Sm90PtrArrayTmaWarpSpecializedILi3ELi2ELi4ELb1ELb0ELi2EEEJSJ_NS6_IJSH_SR_EEENS_10bfloat16_tESP_S2T_SP_NS2N_6fusion15FusionCallbacksINS2N_31Sm120PtrArrayTmaWarpSpecializedILi3ELi2ELi4ELb1ELb0ELi2EEENS2U_17LinearCombinationIS2T_fS2T_fLNS_15FloatRoundStyleE2EEESJ_S2S_JEEES1R_NS1T_INS1U_ILi2ELi4ELi3EEENS1W_ILi16EEENSQ_INS6_IJS1L_SR_EEES23_EEEENS5_17SM75_U32x2_LDSM_NENS5_14SM90_TMA_STOREES36_NS5_17SM90_U32x2_STSM_NENS2B_IJS39_NS_6half_tEEEEvEEEvvEEEEvNT_6ParamsE+51896>:	Cannot disassemble instruction at pc 0x325baa9b8
   0x325baa9c8 <_ZN7cutlass13device_kernelINS_4gemm6kernel13GemmUniversalINS1_17GroupProblemShapeIN4cute5tupleIJlllEEEEENS1_10collective13CollectiveMmaINS9_52MainloopSm120ArrayTmaWarpSpecializedBlockScaledGatedILi2ELi1ENS6_IJNS5_1CILi1EEESD_SD_EEENS1_40KernelPtrArrayTmaWarpSpecializedPingpongEEENS6_IJNSC_ILi64EEESH_NSC_ILi128EEEEEENS6_IJNS_12float_e4m3_tENS_13float_ue8m0_tEEEENS6_IJPNS6_IJlSD_NSC_ILi0EEEEEEPNS5_6LayoutINS6_IJNS6_IJNS6_IJNSC_ILi32EEENSC_ILi4EEEEEEiEEESU_NS6_IJSD_iEEEEEENS6_IJNS6_IJNS6_IJNSC_ILi16EEESS_EEEiEEENS6_IJNS6_IJSN_SD_EEENSC_ILi512EEEEEENS6_IJSN_iEEEEEEEEEEENS6_IJNS_12float_e2m1_tESL_EEES17_NS5_8TiledMMAINS5_8MMA_AtomIJNS5_5SM12011BLOCKSCALED19SM120_16x8x32_TN_VSISK_S18_fSL_Li32EEEEEENSQ_INS6_IJNSC_ILi2EEES1H_SD_EEENS6_IJSD_S1H_SN_EEEEENS6_IJSH_NSQ_INS6_IJNSC_ILi8EEES1H_S1H_EEENS6_IJSD_SX_S1L_EEEEESR_EEEEENS6_IJNS5_13SM90_TMA_LOADES1R_EEENS6_IJNS5_14ComposedLayoutINS5_7SwizzleILi3ELi4ELi3EEENS5_18smem_ptr_flag_bitsILi8EEENSQ_INS6_IJS1L_SI_EEENS6_IJSI_SD_EEEEEEENSQ_INS6_IJNS6_IJST_SD_EEENS6_IJNS6_IJSR_SD_EEESS_SD_EEEEEENS6_IJNS6_IJSY_S11_EEENS6_IJS10_SD_S11_EEEEEEEEEEENS6_IJNS5_9Copy_AtomIJNS5_17SM75_U32x4_LDSM_NEhEEENS2B_IJNS5_13UniversalCopyISL_SL_EESL_EEEEEENS5_8identityES1S_S2A_NS6_IJNS2B_IJNS5_26SM100_SU4_DU8x16_x4_LDSM_NEhEEES2G_EEES2I_EENS_8epilogue10collective18CollectiveEpilogueINS2N_30Sm90PtrArrayTmaWarpSpecializedILi3ELi2ELi4ELb1ELb0ELi2EEEJSJ_NS6_IJSH_SR_EEENS_10bfloat16_tESP_S2T_SP_NS2N_6fusion15FusionCallbacksINS2N_31Sm120PtrArrayTmaWarpSpecializedILi3ELi2ELi4ELb1ELb0ELi2EEENS2U_17LinearCombinationIS2T_fS2T_fLNS_15FloatRoundStyleE2EEESJ_S2S_JEEES1R_NS1T_INS1U_ILi2ELi4ELi3EEENS1W_ILi16EEENSQ_INS6_IJS1L_SR_EEES23_EEEENS5_17SM75_U32x2_LDSM_NENS5_14SM90_TMA_STOREES36_NS5_17SM90_U32x2_STSM_NENS2B_IJS39_NS_6half_tEEEEvEEEvvEEEEvNT_6ParamsE+51912>:	Cannot disassemble instruction at pc 0x325baa9c8
   0x325baa9d8 <_ZN7cutlass13device_kernelINS_4gemm6kernel13GemmUniversalINS1_17GroupProblemShapeIN4cute5tupleIJlllEEEEENS1_10collective13CollectiveMmaINS9_52MainloopSm120ArrayTmaWarpSpecializedBlockScaledGatedILi2ELi1ENS6_IJNS5_1CILi1EEESD_SD_EEENS1_40KernelPtrArrayTmaWarpSpecializedPingpongEEENS6_IJNSC_ILi64EEESH_NSC_ILi128EEEEEENS6_IJNS_12float_e4m3_tENS_13float_ue8m0_tEEEENS6_IJPNS6_IJlSD_NSC_ILi0EEEEEEPNS5_6LayoutINS6_IJNS6_IJNS6_IJNSC_ILi32EEENSC_ILi4EEEEEEiEEESU_NS6_IJSD_iEEEEEENS6_IJNS6_IJNS6_IJNSC_ILi16EEESS_EEEiEEENS6_IJNS6_IJSN_SD_EEENSC_ILi512EEEEEENS6_IJSN_iEEEEEEEEEEENS6_IJNS_12float_e2m1_tESL_EEES17_NS5_8TiledMMAINS5_8MMA_AtomIJNS5_5SM12011BLOCKSCALED19SM120_16x8x32_TN_VSISK_S18_fSL_Li32EEEEEENSQ_INS6_IJNSC_ILi2EEES1H_SD_EEENS6_IJSD_S1H_SN_EEEEENS6_IJSH_NSQ_INS6_IJNSC_ILi8EEES1H_S1H_EEENS6_IJSD_SX_S1L_EEEEESR_EEEEENS6_IJNS5_13SM90_TMA_LOADES1R_EEENS6_IJNS5_14ComposedLayoutINS5_7SwizzleILi3ELi4ELi3EEENS5_18smem_ptr_flag_bitsILi8EEENSQ_INS6_IJS1L_SI_EEENS6_IJSI_SD_EEEEEEENSQ_INS6_IJNS6_IJST_SD_EEENS6_IJNS6_IJSR_SD_EEESS_SD_EEEEEENS6_IJNS6_IJSY_S11_EEENS6_IJS10_SD_S11_EEEEEEEEEEENS6_IJNS5_9Copy_AtomIJNS5_17SM75_U32x4_LDSM_NEhEEENS2B_IJNS5_13UniversalCopyISL_SL_EESL_EEEEEENS5_8identityES1S_S2A_NS6_IJNS2B_IJNS5_26SM100_SU4_DU8x16_x4_LDSM_NEhEEES2G_EEES2I_EENS_8epilogue10collective18CollectiveEpilogueINS2N_30Sm90PtrArrayTmaWarpSpecializedILi3ELi2ELi4ELb1ELb0ELi2EEEJSJ_NS6_IJSH_SR_EEENS_10bfloat16_tESP_S2T_SP_NS2N_6fusion15FusionCallbacksINS2N_31Sm120PtrArrayTmaWarpSpecializedILi3ELi2ELi4ELb1ELb0ELi2EEENS2U_17LinearCombinationIS2T_fS2T_fLNS_15FloatRoundStyleE2EEESJ_S2S_JEEES1R_NS1T_INS1U_ILi2ELi4ELi3EEENS1W_ILi16EEENSQ_INS6_IJS1L_SR_EEES23_EEEENS5_17SM75_U32x2_LDSM_NENS5_14SM90_TMA_STOREES36_NS5_17SM90_U32x2_STSM_NENS2B_IJS39_NS_6half_tEEEEvEEEvvEEEEvNT_6ParamsE+51928>:	Cannot disassemble instruction at pc 0x325baa9d8
   0x325baa9e8 <_ZN7cutlass13device_kernelINS_4gemm6kernel13GemmUniversalINS1_17GroupProblemShapeIN4cute5tupleIJlllEEEEENS1_10collective13CollectiveMmaINS9_52MainloopSm120ArrayTmaWarpSpecializedBlockScaledGatedILi2ELi1ENS6_IJNS5_1CILi1EEESD_SD_EEENS1_40KernelPtrArrayTmaWarpSpecializedPingpongEEENS6_IJNSC_ILi64EEESH_NSC_ILi128EEEEEENS6_IJNS_12float_e4m3_tENS_13float_ue8m0_tEEEENS6_IJPNS6_IJlSD_NSC_ILi0EEEEEEPNS5_6LayoutINS6_IJNS6_IJNS6_IJNSC_ILi32EEENSC_ILi4EEEEEEiEEESU_NS6_IJSD_iEEEEEENS6_IJNS6_IJNS6_IJNSC_ILi16EEESS_EEEiEEENS6_IJNS6_IJSN_SD_EEENSC_ILi512EEEEEENS6_IJSN_iEEEEEEEEEEENS6_IJNS_12float_e2m1_tESL_EEES17_NS5_8TiledMMAINS5_8MMA_AtomIJNS5_5SM12011BLOCKSCALED19SM120_16x8x32_TN_VSISK_S18_fSL_Li32EEEEEENSQ_INS6_IJNSC_ILi2EEES1H_SD_EEENS6_IJSD_S1H_SN_EEEEENS6_IJSH_NSQ_INS6_IJNSC_ILi8EEES1H_S1H_EEENS6_IJSD_SX_S1L_EEEEESR_EEEEENS6_IJNS5_13SM90_TMA_LOADES1R_EEENS6_IJNS5_14ComposedLayoutINS5_7SwizzleILi3ELi4ELi3EEENS5_18smem_ptr_flag_bitsILi8EEENSQ_INS6_IJS1L_SI_EEENS6_IJSI_SD_EEEEEEENSQ_INS6_IJNS6_IJST_SD_EEENS6_IJNS6_IJSR_SD_EEESS_SD_EEEEEENS6_IJNS6_IJSY_S11_EEENS6_IJS10_SD_S11_EEEEEEEEEEENS6_IJNS5_9Copy_AtomIJNS5_17SM75_U32x4_LDSM_NEhEEENS2B_IJNS5_13UniversalCopyISL_SL_EESL_EEEEEENS5_8identityES1S_S2A_NS6_IJNS2B_IJNS5_26SM100_SU4_DU8x16_x4_LDSM_NEhEEES2G_EEES2I_EENS_8epilogue10collective18CollectiveEpilogueINS2N_30Sm90PtrArrayTmaWarpSpecializedILi3ELi2ELi4ELb1ELb0ELi2EEEJSJ_NS6_IJSH_SR_EEENS_10bfloat16_tESP_S2T_SP_NS2N_6fusion15FusionCallbacksINS2N_31Sm120PtrArrayTmaWarpSpecializedILi3ELi2ELi4ELb1ELb0ELi2EEENS2U_17LinearCombinationIS2T_fS2T_fLNS_15FloatRoundStyleE2EEESJ_S2S_JEEES1R_NS1T_INS1U_ILi2ELi4ELi3EEENS1W_ILi16EEENSQ_INS6_IJS1L_SR_EEES23_EEEENS5_17SM75_U32x2_LDSM_NENS5_14SM90_TMA_STOREES36_NS5_17SM90_U32x2_STSM_NENS2B_IJS39_NS_6half_tEEEEvEEEvvEEEEvNT_6ParamsE+51944>:	Cannot disassemble instruction at pc 0x325baa9e8
   0x325baa9f8 <_ZN7cutlass13device_kernelINS_4gemm6kernel13GemmUniversalINS1_17GroupProblemShapeIN4cute5tupleIJlllEEEEENS1_10collective13CollectiveMmaINS9_52MainloopSm120ArrayTmaWarpSpecializedBlockScaledGatedILi2ELi1ENS6_IJNS5_1CILi1EEESD_SD_EEENS1_40KernelPtrArrayTmaWarpSpecializedPingpongEEENS6_IJNSC_ILi64EEESH_NSC_ILi128EEEEEENS6_IJNS_12float_e4m3_tENS_13float_ue8m0_tEEEENS6_IJPNS6_IJlSD_NSC_ILi0EEEEEEPNS5_6LayoutINS6_IJNS6_IJNS6_IJNSC_ILi32EEENSC_ILi4EEEEEEiEEESU_NS6_IJSD_iEEEEEENS6_IJNS6_IJNS6_IJNSC_ILi16EEESS_EEEiEEENS6_IJNS6_IJSN_SD_EEENSC_ILi512EEEEEENS6_IJSN_iEEEEEEEEEEENS6_IJNS_12float_e2m1_tESL_EEES17_NS5_8TiledMMAINS5_8MMA_AtomIJNS5_5SM12011BLOCKSCALED19SM120_16x8x32_TN_VSISK_S18_fSL_Li32EEEEEENSQ_INS6_IJNSC_ILi2EEES1H_SD_EEENS6_IJSD_S1H_SN_EEEEENS6_IJSH_NSQ_INS6_IJNSC_ILi8EEES1H_S1H_EEENS6_IJSD_SX_S1L_EEEEESR_EEEEENS6_IJNS5_13SM90_TMA_LOADES1R_EEENS6_IJNS5_14ComposedLayoutINS5_7SwizzleILi3ELi4ELi3EEENS5_18smem_ptr_flag_bitsILi8EEENSQ_INS6_IJS1L_SI_EEENS6_IJSI_SD_EEEEEEENSQ_INS6_IJNS6_IJST_SD_EEENS6_IJNS6_IJSR_SD_EEESS_SD_EEEEEENS6_IJNS6_IJSY_S11_EEENS6_IJS10_SD_S11_EEEEEEEEEEENS6_IJNS5_9Copy_AtomIJNS5_17SM75_U32x4_LDSM_NEhEEENS2B_IJNS5_13UniversalCopyISL_SL_EESL_EEEEEENS5_8identityES1S_S2A_NS6_IJNS2B_IJNS5_26SM100_SU4_DU8x16_x4_LDSM_NEhEEES2G_EEES2I_EENS_8epilogue10collective18CollectiveEpilogueINS2N_30Sm90PtrArrayTmaWarpSpecializedILi3ELi2ELi4ELb1ELb0ELi2EEEJSJ_NS6_IJSH_SR_EEENS_10bfloat16_tESP_S2T_SP_NS2N_6fusion15FusionCallbacksINS2N_31Sm120PtrArrayTmaWarpSpecializedILi3ELi2ELi4ELb1ELb0ELi2EEENS2U_17LinearCombinationIS2T_fS2T_fLNS_15FloatRoundStyleE2EEESJ_S2S_JEEES1R_NS1T_INS1U_ILi2ELi4ELi3EEENS1W_ILi16EEENSQ_INS6_IJS1L_SR_EEES23_EEEENS5_17SM75_U32x2_LDSM_NENS5_14SM90_TMA_STOREES36_NS5_17SM90_U32x2_STSM_NENS2B_IJS39_NS_6half_tEEEEvEEEvvEEEEvNT_6ParamsE+51960>:	Cannot disassemble instruction at pc 0x325baa9f8
   0x325baaa08 <_ZN7cutlass13device_kernelINS_4gemm6kernel13GemmUniversalINS1_17GroupProblemShapeIN4cute5tupleIJlllEEEEENS1_10collective13CollectiveMmaINS9_52MainloopSm120ArrayTmaWarpSpecializedBlockScaledGatedILi2ELi1ENS6_IJNS5_1CILi1EEESD_SD_EEENS1_40KernelPtrArrayTmaWarpSpecializedPingpongEEENS6_IJNSC_ILi64EEESH_NSC_ILi128EEEEEENS6_IJNS_12float_e4m3_tENS_13float_ue8m0_tEEEENS6_IJPNS6_IJlSD_NSC_ILi0EEEEEEPNS5_6LayoutINS6_IJNS6_IJNS6_IJNSC_ILi32EEENSC_ILi4EEEEEEiEEESU_NS6_IJSD_iEEEEEENS6_IJNS6_IJNS6_IJNSC_ILi16EEESS_EEEiEEENS6_IJNS6_IJSN_SD_EEENSC_ILi512EEEEEENS6_IJSN_iEEEEEEEEEEENS6_IJNS_12float_e2m1_tESL_EEES17_NS5_8TiledMMAINS5_8MMA_AtomIJNS5_5SM12011BLOCKSCALED19SM120_16x8x32_TN_VSISK_S18_fSL_Li32EEEEEENSQ_INS6_IJNSC_ILi2EEES1H_SD_EEENS6_IJSD_S1H_SN_EEEEENS6_IJSH_NSQ_INS6_IJNSC_ILi8EEES1H_S1H_EEENS6_IJSD_SX_S1L_EEEEESR_EEEEENS6_IJNS5_13SM90_TMA_LOADES1R_EEENS6_IJNS5_14ComposedLayoutINS5_7SwizzleILi3ELi4ELi3EEENS5_18smem_ptr_flag_bitsILi8EEENSQ_INS6_IJS1L_SI_EEENS6_IJSI_SD_EEEEEEENSQ_INS6_IJNS6_IJST_SD_EEENS6_IJNS6_IJSR_SD_EEESS_SD_EEEEEENS6_IJNS6_IJSY_S11_EEENS6_IJS10_SD_S11_EEEEEEEEEEENS6_IJNS5_9Copy_AtomIJNS5_17SM75_U32x4_LDSM_NEhEEENS2B_IJNS5_13UniversalCopyISL_SL_EESL_EEEEEENS5_8identityES1S_S2A_NS6_IJNS2B_IJNS5_26SM100_SU4_DU8x16_x4_LDSM_NEhEEES2G_EEES2I_EENS_8epilogue10collective18CollectiveEpilogueINS2N_30Sm90PtrArrayTmaWarpSpecializedILi3ELi2ELi4ELb1ELb0ELi2EEEJSJ_NS6_IJSH_SR_EEENS_10bfloat16_tESP_S2T_SP_NS2N_6fusion15FusionCallbacksINS2N_31Sm120PtrArrayTmaWarpSpecializedILi3ELi2ELi4ELb1ELb0ELi2EEENS2U_17LinearCombinationIS2T_fS2T_fLNS_15FloatRoundStyleE2EEESJ_S2S_JEEES1R_NS1T_INS1U_ILi2ELi4ELi3EEENS1W_ILi16EEENSQ_INS6_IJS1L_SR_EEES23_EEEENS5_17SM75_U32x2_LDSM_NENS5_14SM90_TMA_STOREES36_NS5_17SM90_U32x2_STSM_NENS2B_IJS39_NS_6half_tEEEEvEEEvvEEEEvNT_6ParamsE+51976>:	Cannot disassemble instruction at pc 0x325baaa08
   0x325baaa18 <_ZN7cutlass13device_kernelINS_4gemm6kernel13GemmUniversalINS1_17GroupProblemShapeIN4cute5tupleIJlllEEEEENS1_10collective13CollectiveMmaINS9_52MainloopSm120ArrayTmaWarpSpecializedBlockScaledGatedILi2ELi1ENS6_IJNS5_1CILi1EEESD_SD_EEENS1_40KernelPtrArrayTmaWarpSpecializedPingpongEEENS6_IJNSC_ILi64EEESH_NSC_ILi128EEEEEENS6_IJNS_12float_e4m3_tENS_13float_ue8m0_tEEEENS6_IJPNS6_IJlSD_NSC_ILi0EEEEEEPNS5_6LayoutINS6_IJNS6_IJNS6_IJNSC_ILi32EEENSC_ILi4EEEEEEiEEESU_NS6_IJSD_iEEEEEENS6_IJNS6_IJNS6_IJNSC_ILi16EEESS_EEEiEEENS6_IJNS6_IJSN_SD_EEENSC_ILi512EEEEEENS6_IJSN_iEEEEEEEEEEENS6_IJNS_12float_e2m1_tESL_EEES17_NS5_8TiledMMAINS5_8MMA_AtomIJNS5_5SM12011BLOCKSCALED19SM120_16x8x32_TN_VSISK_S18_fSL_Li32EEEEEENSQ_INS6_IJNSC_ILi2EEES1H_SD_EEENS6_IJSD_S1H_SN_EEEEENS6_IJSH_NSQ_INS6_IJNSC_ILi8EEES1H_S1H_EEENS6_IJSD_SX_S1L_EEEEESR_EEEEENS6_IJNS5_13SM90_TMA_LOADES1R_EEENS6_IJNS5_14ComposedLayoutINS5_7SwizzleILi3ELi4ELi3EEENS5_18smem_ptr_flag_bitsILi8EEENSQ_INS6_IJS1L_SI_EEENS6_IJSI_SD_EEEEEEENSQ_INS6_IJNS6_IJST_SD_EEENS6_IJNS6_IJSR_SD_EEESS_SD_EEEEEENS6_IJNS6_IJSY_S11_EEENS6_IJS10_SD_S11_EEEEEEEEEEENS6_IJNS5_9Copy_AtomIJNS5_17SM75_U32x4_LDSM_NEhEEENS2B_IJNS5_13UniversalCopyISL_SL_EESL_EEEEEENS5_8identityES1S_S2A_NS6_IJNS2B_IJNS5_26SM100_SU4_DU8x16_x4_LDSM_NEhEEES2G_EEES2I_EENS_8epilogue10collective18CollectiveEpilogueINS2N_30Sm90PtrArrayTmaWarpSpecializedILi3ELi2ELi4ELb1ELb0ELi2EEEJSJ_NS6_IJSH_SR_EEENS_10bfloat16_tESP_S2T_SP_NS2N_6fusion15FusionCallbacksINS2N_31Sm120PtrArrayTmaWarpSpecializedILi3ELi2ELi4ELb1ELb0ELi2EEENS2U_17LinearCombinationIS2T_fS2T_fLNS_15FloatRoundStyleE2EEESJ_S2S_JEEES1R_NS1T_INS1U_ILi2ELi4ELi3EEENS1W_ILi16EEENSQ_INS6_IJS1L_SR_EEES23_EEEENS5_17SM75_U32x2_LDSM_NENS5_14SM90_TMA_STOREES36_NS5_17SM90_U32x2_STSM_NENS2B_IJS39_NS_6half_tEEEEvEEEvvEEEEvNT_6ParamsE+51992>:	Cannot disassemble instruction at pc 0x325baaa18
   0x325baaa28 <_ZN7cutlass13device_kernelINS_4gemm6kernel13GemmUniversalINS1_17GroupProblemShapeIN4cute5tupleIJlllEEEEENS1_10collective13CollectiveMmaINS9_52MainloopSm120ArrayTmaWarpSpecializedBlockScaledGatedILi2ELi1ENS6_IJNS5_1CILi1EEESD_SD_EEENS1_40KernelPtrArrayTmaWarpSpecializedPingpongEEENS6_IJNSC_ILi64EEESH_NSC_ILi128EEEEEENS6_IJNS_12float_e4m3_tENS_13float_ue8m0_tEEEENS6_IJPNS6_IJlSD_NSC_ILi0EEEEEEPNS5_6LayoutINS6_IJNS6_IJNS6_IJNSC_ILi32EEENSC_ILi4EEEEEEiEEESU_NS6_IJSD_iEEEEEENS6_IJNS6_IJNS6_IJNSC_ILi16EEESS_EEEiEEENS6_IJNS6_IJSN_SD_EEENSC_ILi512EEEEEENS6_IJSN_iEEEEEEEEEEENS6_IJNS_12float_e2m1_tESL_EEES17_NS5_8TiledMMAINS5_8MMA_AtomIJNS5_5SM12011BLOCKSCALED19SM120_16x8x32_TN_VSISK_S18_fSL_Li32EEEEEENSQ_INS6_IJNSC_ILi2EEES1H_SD_EEENS6_IJSD_S1H_SN_EEEEENS6_IJSH_NSQ_INS6_IJNSC_ILi8EEES1H_S1H_EEENS6_IJSD_SX_S1L_EEEEESR_EEEEENS6_IJNS5_13SM90_TMA_LOADES1R_EEENS6_IJNS5_14ComposedLayoutINS5_7SwizzleILi3ELi4ELi3EEENS5_18smem_ptr_flag_bitsILi8EEENSQ_INS6_IJS1L_SI_EEENS6_IJSI_SD_EEEEEEENSQ_INS6_IJNS6_IJST_SD_EEENS6_IJNS6_IJSR_SD_EEESS_SD_EEEEEENS6_IJNS6_IJSY_S11_EEENS6_IJS10_SD_S11_EEEEEEEEEEENS6_IJNS5_9Copy_AtomIJNS5_17SM75_U32x4_LDSM_NEhEEENS2B_IJNS5_13UniversalCopyISL_SL_EESL_EEEEEENS5_8identityES1S_S2A_NS6_IJNS2B_IJNS5_26SM100_SU4_DU8x16_x4_LDSM_NEhEEES2G_EEES2I_EENS_8epilogue10collective18CollectiveEpilogueINS2N_30Sm90PtrArrayTmaWarpSpecializedILi3ELi2ELi4ELb1ELb0ELi2EEEJSJ_NS6_IJSH_SR_EEENS_10bfloat16_tESP_S2T_SP_NS2N_6fusion15FusionCallbacksINS2N_31Sm120PtrArrayTmaWarpSpecializedILi3ELi2ELi4ELb1ELb0ELi2EEENS2U_17LinearCombinationIS2T_fS2T_fLNS_15FloatRoundStyleE2EEESJ_S2S_JEEES1R_NS1T_INS1U_ILi2ELi4ELi3EEENS1W_ILi16EEENSQ_INS6_IJS1L_SR_EEES23_EEEENS5_17SM75_U32x2_LDSM_NENS5_14SM90_TMA_STOREES36_NS5_17SM90_U32x2_STSM_NENS2B_IJS39_NS_6half_tEEEEvEEEvvEEEEvNT_6ParamsE+52008>:	Cannot disassemble instruction at pc 0x325baaa28
   0x325baaa38 <_ZN7cutlass13device_kernelINS_4gemm6kernel13GemmUniversalINS1_17GroupProblemShapeIN4cute5tupleIJlllEEEEENS1_10collective13CollectiveMmaINS9_52MainloopSm120ArrayTmaWarpSpecializedBlockScaledGatedILi2ELi1ENS6_IJNS5_1CILi1EEESD_SD_EEENS1_40KernelPtrArrayTmaWarpSpecializedPingpongEEENS6_IJNSC_ILi64EEESH_NSC_ILi128EEEEEENS6_IJNS_12float_e4m3_tENS_13float_ue8m0_tEEEENS6_IJPNS6_IJlSD_NSC_ILi0EEEEEEPNS5_6LayoutINS6_IJNS6_IJNS6_IJNSC_ILi32EEENSC_ILi4EEEEEEiEEESU_NS6_IJSD_iEEEEEENS6_IJNS6_IJNS6_IJNSC_ILi16EEESS_EEEiEEENS6_IJNS6_IJSN_SD_EEENSC_ILi512EEEEEENS6_IJSN_iEEEEEEEEEEENS6_IJNS_12float_e2m1_tESL_EEES17_NS5_8TiledMMAINS5_8MMA_AtomIJNS5_5SM12011BLOCKSCALED19SM120_16x8x32_TN_VSISK_S18_fSL_Li32EEEEEENSQ_INS6_IJNSC_ILi2EEES1H_SD_EEENS6_IJSD_S1H_SN_EEEEENS6_IJSH_NSQ_INS6_IJNSC_ILi8EEES1H_S1H_EEENS6_IJSD_SX_S1L_EEEEESR_EEEEENS6_IJNS5_13SM90_TMA_LOADES1R_EEENS6_IJNS5_14ComposedLayoutINS5_7SwizzleILi3ELi4ELi3EEENS5_18smem_ptr_flag_bitsILi8EEENSQ_INS6_IJS1L_SI_EEENS6_IJSI_SD_EEEEEEENSQ_INS6_IJNS6_IJST_SD_EEENS6_IJNS6_IJSR_SD_EEESS_SD_EEEEEENS6_IJNS6_IJSY_S11_EEENS6_IJS10_SD_S11_EEEEEEEEEEENS6_IJNS5_9Copy_AtomIJNS5_17SM75_U32x4_LDSM_NEhEEENS2B_IJNS5_13UniversalCopyISL_SL_EESL_EEEEEENS5_8identityES1S_S2A_NS6_IJNS2B_IJNS5_26SM100_SU4_DU8x16_x4_LDSM_NEhEEES2G_EEES2I_EENS_8epilogue10collective18CollectiveEpilogueINS2N_30Sm90PtrArrayTmaWarpSpecializedILi3ELi2ELi4ELb1ELb0ELi2EEEJSJ_NS6_IJSH_SR_EEENS_10bfloat16_tESP_S2T_SP_NS2N_6fusion15FusionCallbacksINS2N_31Sm120PtrArrayTmaWarpSpecializedILi3ELi2ELi4ELb1ELb0ELi2EEENS2U_17LinearCombinationIS2T_fS2T_fLNS_15FloatRoundStyleE2EEESJ_S2S_JEEES1R_NS1T_INS1U_ILi2ELi4ELi3EEENS1W_ILi16EEENSQ_INS6_IJS1L_SR_EEES23_EEEENS5_17SM75_U32x2_LDSM_NENS5_14SM90_TMA_STOREES36_NS5_17SM90_U32x2_STSM_NENS2B_IJS39_NS_6half_tEEEEvEEEvvEEEEvNT_6ParamsE+52024>:	Cannot disassemble instruction at pc 0x325baaa38
   0x325baaa48 <_ZN7cutlass13device_kernelINS_4gemm6kernel13GemmUniversalINS1_17GroupProblemShapeIN4cute5tupleIJlllEEEEENS1_10collective13CollectiveMmaINS9_52MainloopSm120ArrayTmaWarpSpecializedBlockScaledGatedILi2ELi1ENS6_IJNS5_1CILi1EEESD_SD_EEENS1_40KernelPtrArrayTmaWarpSpecializedPingpongEEENS6_IJNSC_ILi64EEESH_NSC_ILi128EEEEEENS6_IJNS_12float_e4m3_tENS_13float_ue8m0_tEEEENS6_IJPNS6_IJlSD_NSC_ILi0EEEEEEPNS5_6LayoutINS6_IJNS6_IJNS6_IJNSC_ILi32EEENSC_ILi4EEEEEEiEEESU_NS6_IJSD_iEEEEEENS6_IJNS6_IJNS6_IJNSC_ILi16EEESS_EEEiEEENS6_IJNS6_IJSN_SD_EEENSC_ILi512EEEEEENS6_IJSN_iEEEEEEEEEEENS6_IJNS_12float_e2m1_tESL_EEES17_NS5_8TiledMMAINS5_8MMA_AtomIJNS5_5SM12011BLOCKSCALED19SM120_16x8x32_TN_VSISK_S18_fSL_Li32EEEEEENSQ_INS6_IJNSC_ILi2EEES1H_SD_EEENS6_IJSD_S1H_SN_EEEEENS6_IJSH_NSQ_INS6_IJNSC_ILi8EEES1H_S1H_EEENS6_IJSD_SX_S1L_EEEEESR_EEEEENS6_IJNS5_13SM90_TMA_LOADES1R_EEENS6_IJNS5_14ComposedLayoutINS5_7SwizzleILi3ELi4ELi3EEENS5_18smem_ptr_flag_bitsILi8EEENSQ_INS6_IJS1L_SI_EEENS6_IJSI_SD_EEEEEEENSQ_INS6_IJNS6_IJST_SD_EEENS6_IJNS6_IJSR_SD_EEESS_SD_EEEEEENS6_IJNS6_IJSY_S11_EEENS6_IJS10_SD_S11_EEEEEEEEEEENS6_IJNS5_9Copy_AtomIJNS5_17SM75_U32x4_LDSM_NEhEEENS2B_IJNS5_13UniversalCopyISL_SL_EESL_EEEEEENS5_8identityES1S_S2A_NS6_IJNS2B_IJNS5_26SM100_SU4_DU8x16_x4_LDSM_NEhEEES2G_EEES2I_EENS_8epilogue10collective18CollectiveEpilogueINS2N_30Sm90PtrArrayTmaWarpSpecializedILi3ELi2ELi4ELb1ELb0ELi2EEEJSJ_NS6_IJSH_SR_EEENS_10bfloat16_tESP_S2T_SP_NS2N_6fusion15FusionCallbacksINS2N_31Sm120PtrArrayTmaWarpSpecializedILi3ELi2ELi4ELb1ELb0ELi2EEENS2U_17LinearCombinationIS2T_fS2T_fLNS_15FloatRoundStyleE2EEESJ_S2S_JEEES1R_NS1T_INS1U_ILi2ELi4ELi3EEENS1W_ILi16EEENSQ_INS6_IJS1L_SR_EEES23_EEEENS5_17SM75_U32x2_LDSM_NENS5_14SM90_TMA_STOREES36_NS5_17SM90_U32x2_STSM_NENS2B_IJS39_NS_6half_tEEEEvEEEvvEEEEvNT_6ParamsE+52040>:	Cannot disassemble instruction at pc 0x325baaa48
   0x325baaa58 <_ZN7cutlass13device_kernelINS_4gemm6kernel13GemmUniversalINS1_17GroupProblemShapeIN4cute5tupleIJlllEEEEENS1_10collective13CollectiveMmaINS9_52MainloopSm120ArrayTmaWarpSpecializedBlockScaledGatedILi2ELi1ENS6_IJNS5_1CILi1EEESD_SD_EEENS1_40KernelPtrArrayTmaWarpSpecializedPingpongEEENS6_IJNSC_ILi64EEESH_NSC_ILi128EEEEEENS6_IJNS_12float_e4m3_tENS_13float_ue8m0_tEEEENS6_IJPNS6_IJlSD_NSC_ILi0EEEEEEPNS5_6LayoutINS6_IJNS6_IJNS6_IJNSC_ILi32EEENSC_ILi4EEEEEEiEEESU_NS6_IJSD_iEEEEEENS6_IJNS6_IJNS6_IJNSC_ILi16EEESS_EEEiEEENS6_IJNS6_IJSN_SD_EEENSC_ILi512EEEEEENS6_IJSN_iEEEEEEEEEEENS6_IJNS_12float_e2m1_tESL_EEES17_NS5_8TiledMMAINS5_8MMA_AtomIJNS5_5SM12011BLOCKSCALED19SM120_16x8x32_TN_VSISK_S18_fSL_Li32EEEEEENSQ_INS6_IJNSC_ILi2EEES1H_SD_EEENS6_IJSD_S1H_SN_EEEEENS6_IJSH_NSQ_INS6_IJNSC_ILi8EEES1H_S1H_EEENS6_IJSD_SX_S1L_EEEEESR_EEEEENS6_IJNS5_13SM90_TMA_LOADES1R_EEENS6_IJNS5_14ComposedLayoutINS5_7SwizzleILi3ELi4ELi3EEENS5_18smem_ptr_flag_bitsILi8EEENSQ_INS6_IJS1L_SI_EEENS6_IJSI_SD_EEEEEEENSQ_INS6_IJNS6_IJST_SD_EEENS6_IJNS6_IJSR_SD_EEESS_SD_EEEEEENS6_IJNS6_IJSY_S11_EEENS6_IJS10_SD_S11_EEEEEEEEEEENS6_IJNS5_9Copy_AtomIJNS5_17SM75_U32x4_LDSM_NEhEEENS2B_IJNS5_13UniversalCopyISL_SL_EESL_EEEEEENS5_8identityES1S_S2A_NS6_IJNS2B_IJNS5_26SM100_SU4_DU8x16_x4_LDSM_NEhEEES2G_EEES2I_EENS_8epilogue10collective18CollectiveEpilogueINS2N_30Sm90PtrArrayTmaWarpSpecializedILi3ELi2ELi4ELb1ELb0ELi2EEEJSJ_NS6_IJSH_SR_EEENS_10bfloat16_tESP_S2T_SP_NS2N_6fusion15FusionCallbacksINS2N_31Sm120PtrArrayTmaWarpSpecializedILi3ELi2ELi4ELb1ELb0ELi2EEENS2U_17LinearCombinationIS2T_fS2T_fLNS_15FloatRoundStyleE2EEESJ_S2S_JEEES1R_NS1T_INS1U_ILi2ELi4ELi3EEENS1W_ILi16EEENSQ_INS6_IJS1L_SR_EEES23_EEEENS5_17SM75_U32x2_LDSM_NENS5_14SM90_TMA_STOREES36_NS5_17SM90_U32x2_STSM_NENS2B_IJS39_NS_6half_tEEEEvEEEvvEEEEvNT_6ParamsE+52056>:	Cannot disassemble instruction at pc 0x325baaa58
   0x325baaa68 <_ZN7cutlass13device_kernelINS_4gemm6kernel13GemmUniversalINS1_17GroupProblemShapeIN4cute5tupleIJlllEEEEENS1_10collective13CollectiveMmaINS9_52MainloopSm120ArrayTmaWarpSpecializedBlockScaledGatedILi2ELi1ENS6_IJNS5_1CILi1EEESD_SD_EEENS1_40KernelPtrArrayTmaWarpSpecializedPingpongEEENS6_IJNSC_ILi64EEESH_NSC_ILi128EEEEEENS6_IJNS_12float_e4m3_tENS_13float_ue8m0_tEEEENS6_IJPNS6_IJlSD_NSC_ILi0EEEEEEPNS5_6LayoutINS6_IJNS6_IJNS6_IJNSC_ILi32EEENSC_ILi4EEEEEEiEEESU_NS6_IJSD_iEEEEEENS6_IJNS6_IJNS6_IJNSC_ILi16EEESS_EEEiEEENS6_IJNS6_IJSN_SD_EEENSC_ILi512EEEEEENS6_IJSN_iEEEEEEEEEEENS6_IJNS_12float_e2m1_tESL_EEES17_NS5_8TiledMMAINS5_8MMA_AtomIJNS5_5SM12011BLOCKSCALED19SM120_16x8x32_TN_VSISK_S18_fSL_Li32EEEEEENSQ_INS6_IJNSC_ILi2EEES1H_SD_EEENS6_IJSD_S1H_SN_EEEEENS6_IJSH_NSQ_INS6_IJNSC_ILi8EEES1H_S1H_EEENS6_IJSD_SX_S1L_EEEEESR_EEEEENS6_IJNS5_13SM90_TMA_LOADES1R_EEENS6_IJNS5_14ComposedLayoutINS5_7SwizzleILi3ELi4ELi3EEENS5_18smem_ptr_flag_bitsILi8EEENSQ_INS6_IJS1L_SI_EEENS6_IJSI_SD_EEEEEEENSQ_INS6_IJNS6_IJST_SD_EEENS6_IJNS6_IJSR_SD_EEESS_SD_EEEEEENS6_IJNS6_IJSY_S11_EEENS6_IJS10_SD_S11_EEEEEEEEEEENS6_IJNS5_9Copy_AtomIJNS5_17SM75_U32x4_LDSM_NEhEEENS2B_IJNS5_13UniversalCopyISL_SL_EESL_EEEEEENS5_8identityES1S_S2A_NS6_IJNS2B_IJNS5_26SM100_SU4_DU8x16_x4_LDSM_NEhEEES2G_EEES2I_EENS_8epilogue10collective18CollectiveEpilogueINS2N_30Sm90PtrArrayTmaWarpSpecializedILi3ELi2ELi4ELb1ELb0ELi2EEEJSJ_NS6_IJSH_SR_EEENS_10bfloat16_tESP_S2T_SP_NS2N_6fusion15FusionCallbacksINS2N_31Sm120PtrArrayTmaWarpSpecializedILi3ELi2ELi4ELb1ELb0ELi2EEENS2U_17LinearCombinationIS2T_fS2T_fLNS_15FloatRoundStyleE2EEESJ_S2S_JEEES1R_NS1T_INS1U_ILi2ELi4ELi3EEENS1W_ILi16EEENSQ_INS6_IJS1L_SR_EEES23_EEEENS5_17SM75_U32x2_LDSM_NENS5_14SM90_TMA_STOREES36_NS5_17SM90_U32x2_STSM_NENS2B_IJS39_NS_6half_tEEEEvEEEvvEEEEvNT_6ParamsE+52072>:	Cannot disassemble instruction at pc 0x325baaa68
   0x325baaa78 <_ZN7cutlass13device_kernelINS_4gemm6kernel13GemmUniversalINS1_17GroupProblemShapeIN4cute5tupleIJlllEEEEENS1_10collective13CollectiveMmaINS9_52MainloopSm120ArrayTmaWarpSpecializedBlockScaledGatedILi2ELi1ENS6_IJNS5_1CILi1EEESD_SD_EEENS1_40KernelPtrArrayTmaWarpSpecializedPingpongEEENS6_IJNSC_ILi64EEESH_NSC_ILi128EEEEEENS6_IJNS_12float_e4m3_tENS_13float_ue8m0_tEEEENS6_IJPNS6_IJlSD_NSC_ILi0EEEEEEPNS5_6LayoutINS6_IJNS6_IJNS6_IJNSC_ILi32EEENSC_ILi4EEEEEEiEEESU_NS6_IJSD_iEEEEEENS6_IJNS6_IJNS6_IJNSC_ILi16EEESS_EEEiEEENS6_IJNS6_IJSN_SD_EEENSC_ILi512EEEEEENS6_IJSN_iEEEEEEEEEEENS6_IJNS_12float_e2m1_tESL_EEES17_NS5_8TiledMMAINS5_8MMA_AtomIJNS5_5SM12011BLOCKSCALED19SM120_16x8x32_TN_VSISK_S18_fSL_Li32EEEEEENSQ_INS6_IJNSC_ILi2EEES1H_SD_EEENS6_IJSD_S1H_SN_EEEEENS6_IJSH_NSQ_INS6_IJNSC_ILi8EEES1H_S1H_EEENS6_IJSD_SX_S1L_EEEEESR_EEEEENS6_IJNS5_13SM90_TMA_LOADES1R_EEENS6_IJNS5_14ComposedLayoutINS5_7SwizzleILi3ELi4ELi3EEENS5_18smem_ptr_flag_bitsILi8EEENSQ_INS6_IJS1L_SI_EEENS6_IJSI_SD_EEEEEEENSQ_INS6_IJNS6_IJST_SD_EEENS6_IJNS6_IJSR_SD_EEESS_SD_EEEEEENS6_IJNS6_IJSY_S11_EEENS6_IJS10_SD_S11_EEEEEEEEEEENS6_IJNS5_9Copy_AtomIJNS5_17SM75_U32x4_LDSM_NEhEEENS2B_IJNS5_13UniversalCopyISL_SL_EESL_EEEEEENS5_8identityES1S_S2A_NS6_IJNS2B_IJNS5_26SM100_SU4_DU8x16_x4_LDSM_NEhEEES2G_EEES2I_EENS_8epilogue10collective18CollectiveEpilogueINS2N_30Sm90PtrArrayTmaWarpSpecializedILi3ELi2ELi4ELb1ELb0ELi2EEEJSJ_NS6_IJSH_SR_EEENS_10bfloat16_tESP_S2T_SP_NS2N_6fusion15FusionCallbacksINS2N_31Sm120PtrArrayTmaWarpSpecializedILi3ELi2ELi4ELb1ELb0ELi2EEENS2U_17LinearCombinationIS2T_fS2T_fLNS_15FloatRoundStyleE2EEESJ_S2S_JEEES1R_NS1T_INS1U_ILi2ELi4ELi3EEENS1W_ILi16EEENSQ_INS6_IJS1L_SR_EEES23_EEEENS5_17SM75_U32x2_LDSM_NENS5_14SM90_TMA_STOREES36_NS5_17SM90_U32x2_STSM_NENS2B_IJS39_NS_6half_tEEEEvEEEvvEEEEvNT_6ParamsE+52088>:	Cannot disassemble instruction at pc 0x325baaa78
   0x325baaa88 <_ZN7cutlass13device_kernelINS_4gemm6kernel13GemmUniversalINS1_17GroupProblemShapeIN4cute5tupleIJlllEEEEENS1_10collective13CollectiveMmaINS9_52MainloopSm120ArrayTmaWarpSpecializedBlockScaledGatedILi2ELi1ENS6_IJNS5_1CILi1EEESD_SD_EEENS1_40KernelPtrArrayTmaWarpSpecializedPingpongEEENS6_IJNSC_ILi64EEESH_NSC_ILi128EEEEEENS6_IJNS_12float_e4m3_tENS_13float_ue8m0_tEEEENS6_IJPNS6_IJlSD_NSC_ILi0EEEEEEPNS5_6LayoutINS6_IJNS6_IJNS6_IJNSC_ILi32EEENSC_ILi4EEEEEEiEEESU_NS6_IJSD_iEEEEEENS6_IJNS6_IJNS6_IJNSC_ILi16EEESS_EEEiEEENS6_IJNS6_IJSN_SD_EEENSC_ILi512EEEEEENS6_IJSN_iEEEEEEEEEEENS6_IJNS_12float_e2m1_tESL_EEES17_NS5_8TiledMMAINS5_8MMA_AtomIJNS5_5SM12011BLOCKSCALED19SM120_16x8x32_TN_VSISK_S18_fSL_Li32EEEEEENSQ_INS6_IJNSC_ILi2EEES1H_SD_EEENS6_IJSD_S1H_SN_EEEEENS6_IJSH_NSQ_INS6_IJNSC_ILi8EEES1H_S1H_EEENS6_IJSD_SX_S1L_EEEEESR_EEEEENS6_IJNS5_13SM90_TMA_LOADES1R_EEENS6_IJNS5_14ComposedLayoutINS5_7SwizzleILi3ELi4ELi3EEENS5_18smem_ptr_flag_bitsILi8EEENSQ_INS6_IJS1L_SI_EEENS6_IJSI_SD_EEEEEEENSQ_INS6_IJNS6_IJST_SD_EEENS6_IJNS6_IJSR_SD_EEESS_SD_EEEEEENS6_IJNS6_IJSY_S11_EEENS6_IJS10_SD_S11_EEEEEEEEEEENS6_IJNS5_9Copy_AtomIJNS5_17SM75_U32x4_LDSM_NEhEEENS2B_IJNS5_13UniversalCopyISL_SL_EESL_EEEEEENS5_8identityES1S_S2A_NS6_IJNS2B_IJNS5_26SM100_SU4_DU8x16_x4_LDSM_NEhEEES2G_EEES2I_EENS_8epilogue10collective18CollectiveEpilogueINS2N_30Sm90PtrArrayTmaWarpSpecializedILi3ELi2ELi4ELb1ELb0ELi2EEEJSJ_NS6_IJSH_SR_EEENS_10bfloat16_tESP_S2T_SP_NS2N_6fusion15FusionCallbacksINS2N_31Sm120PtrArrayTmaWarpSpecializedILi3ELi2ELi4ELb1ELb0ELi2EEENS2U_17LinearCombinationIS2T_fS2T_fLNS_15FloatRoundStyleE2EEESJ_S2S_JEEES1R_NS1T_INS1U_ILi2ELi4ELi3EEENS1W_ILi16EEENSQ_INS6_IJS1L_SR_EEES23_EEEENS5_17SM75_U32x2_LDSM_NENS5_14SM90_TMA_STOREES36_NS5_17SM90_U32x2_STSM_NENS2B_IJS39_NS_6half_tEEEEvEEEvvEEEEvNT_6ParamsE+52104>:	Cannot disassemble instruction at pc 0x325baaa88
   0x325baaa98 <_ZN7cutlass13device_kernelINS_4gemm6kernel13GemmUniversalINS1_17GroupProblemShapeIN4cute5tupleIJlllEEEEENS1_10collective13CollectiveMmaINS9_52MainloopSm120ArrayTmaWarpSpecializedBlockScaledGatedILi2ELi1ENS6_IJNS5_1CILi1EEESD_SD_EEENS1_40KernelPtrArrayTmaWarpSpecializedPingpongEEENS6_IJNSC_ILi64EEESH_NSC_ILi128EEEEEENS6_IJNS_12float_e4m3_tENS_13float_ue8m0_tEEEENS6_IJPNS6_IJlSD_NSC_ILi0EEEEEEPNS5_6LayoutINS6_IJNS6_IJNS6_IJNSC_ILi32EEENSC_ILi4EEEEEEiEEESU_NS6_IJSD_iEEEEEENS6_IJNS6_IJNS6_IJNSC_ILi16EEESS_EEEiEEENS6_IJNS6_IJSN_SD_EEENSC_ILi512EEEEEENS6_IJSN_iEEEEEEEEEEENS6_IJNS_12float_e2m1_tESL_EEES17_NS5_8TiledMMAINS5_8MMA_AtomIJNS5_5SM12011BLOCKSCALED19SM120_16x8x32_TN_VSISK_S18_fSL_Li32EEEEEENSQ_INS6_IJNSC_ILi2EEES1H_SD_EEENS6_IJSD_S1H_SN_EEEEENS6_IJSH_NSQ_INS6_IJNSC_ILi8EEES1H_S1H_EEENS6_IJSD_SX_S1L_EEEEESR_EEEEENS6_IJNS5_13SM90_TMA_LOADES1R_EEENS6_IJNS5_14ComposedLayoutINS5_7SwizzleILi3ELi4ELi3EEENS5_18smem_ptr_flag_bitsILi8EEENSQ_INS6_IJS1L_SI_EEENS6_IJSI_SD_EEEEEEENSQ_INS6_IJNS6_IJST_SD_EEENS6_IJNS6_IJSR_SD_EEESS_SD_EEEEEENS6_IJNS6_IJSY_S11_EEENS6_IJS10_SD_S11_EEEEEEEEEEENS6_IJNS5_9Copy_AtomIJNS5_17SM75_U32x4_LDSM_NEhEEENS2B_IJNS5_13UniversalCopyISL_SL_EESL_EEEEEENS5_8identityES1S_S2A_NS6_IJNS2B_IJNS5_26SM100_SU4_DU8x16_x4_LDSM_NEhEEES2G_EEES2I_EENS_8epilogue10collective18CollectiveEpilogueINS2N_30Sm90PtrArrayTmaWarpSpecializedILi3ELi2ELi4ELb1ELb0ELi2EEEJSJ_NS6_IJSH_SR_EEENS_10bfloat16_tESP_S2T_SP_NS2N_6fusion15FusionCallbacksINS2N_31Sm120PtrArrayTmaWarpSpecializedILi3ELi2ELi4ELb1ELb0ELi2EEENS2U_17LinearCombinationIS2T_fS2T_fLNS_15FloatRoundStyleE2EEESJ_S2S_JEEES1R_NS1T_INS1U_ILi2ELi4ELi3EEENS1W_ILi16EEENSQ_INS6_IJS1L_SR_EEES23_EEEENS5_17SM75_U32x2_LDSM_NENS5_14SM90_TMA_STOREES36_NS5_17SM90_U32x2_STSM_NENS2B_IJS39_NS_6half_tEEEEvEEEvvEEEEvNT_6ParamsE+52120>:	Cannot disassemble instruction at pc 0x325baaa98
   0x325baaaa8 <_ZN7cutlass13device_kernelINS_4gemm6kernel13GemmUniversalINS1_17GroupProblemShapeIN4cute5tupleIJlllEEEEENS1_10collective13CollectiveMmaINS9_52MainloopSm120ArrayTmaWarpSpecializedBlockScaledGatedILi2ELi1ENS6_IJNS5_1CILi1EEESD_SD_EEENS1_40KernelPtrArrayTmaWarpSpecializedPingpongEEENS6_IJNSC_ILi64EEESH_NSC_ILi128EEEEEENS6_IJNS_12float_e4m3_tENS_13float_ue8m0_tEEEENS6_IJPNS6_IJlSD_NSC_ILi0EEEEEEPNS5_6LayoutINS6_IJNS6_IJNS6_IJNSC_ILi32EEENSC_ILi4EEEEEEiEEESU_NS6_IJSD_iEEEEEENS6_IJNS6_IJNS6_IJNSC_ILi16EEESS_EEEiEEENS6_IJNS6_IJSN_SD_EEENSC_ILi512EEEEEENS6_IJSN_iEEEEEEEEEEENS6_IJNS_12float_e2m1_tESL_EEES17_NS5_8TiledMMAINS5_8MMA_AtomIJNS5_5SM12011BLOCKSCALED19SM120_16x8x32_TN_VSISK_S18_fSL_Li32EEEEEENSQ_INS6_IJNSC_ILi2EEES1H_SD_EEENS6_IJSD_S1H_SN_EEEEENS6_IJSH_NSQ_INS6_IJNSC_ILi8EEES1H_S1H_EEENS6_IJSD_SX_S1L_EEEEESR_EEEEENS6_IJNS5_13SM90_TMA_LOADES1R_EEENS6_IJNS5_14ComposedLayoutINS5_7SwizzleILi3ELi4ELi3EEENS5_18smem_ptr_flag_bitsILi8EEENSQ_INS6_IJS1L_SI_EEENS6_IJSI_SD_EEEEEEENSQ_INS6_IJNS6_IJST_SD_EEENS6_IJNS6_IJSR_SD_EEESS_SD_EEEEEENS6_IJNS6_IJSY_S11_EEENS6_IJS10_SD_S11_EEEEEEEEEEENS6_IJNS5_9Copy_AtomIJNS5_17SM75_U32x4_LDSM_NEhEEENS2B_IJNS5_13UniversalCopyISL_SL_EESL_EEEEEENS5_8identityES1S_S2A_NS6_IJNS2B_IJNS5_26SM100_SU4_DU8x16_x4_LDSM_NEhEEES2G_EEES2I_EENS_8epilogue10collective18CollectiveEpilogueINS2N_30Sm90PtrArrayTmaWarpSpecializedILi3ELi2ELi4ELb1ELb0ELi2EEEJSJ_NS6_IJSH_SR_EEENS_10bfloat16_tESP_S2T_SP_NS2N_6fusion15FusionCallbacksINS2N_31Sm120PtrArrayTmaWarpSpecializedILi3ELi2ELi4ELb1ELb0ELi2EEENS2U_17LinearCombinationIS2T_fS2T_fLNS_15FloatRoundStyleE2EEESJ_S2S_JEEES1R_NS1T_INS1U_ILi2ELi4ELi3EEENS1W_ILi16EEENSQ_INS6_IJS1L_SR_EEES23_EEEENS5_17SM75_U32x2_LDSM_NENS5_14SM90_TMA_STOREES36_NS5_17SM90_U32x2_STSM_NENS2B_IJS39_NS_6half_tEEEEvEEEvvEEEEvNT_6ParamsE+52136>:	Cannot disassemble instruction at pc 0x325baaaa8
   0x325baaab8 <_ZN7cutlass13device_kernelINS_4gemm6kernel13GemmUniversalINS1_17GroupProblemShapeIN4cute5tupleIJlllEEEEENS1_10collective13CollectiveMmaINS9_52MainloopSm120ArrayTmaWarpSpecializedBlockScaledGatedILi2ELi1ENS6_IJNS5_1CILi1EEESD_SD_EEENS1_40KernelPtrArrayTmaWarpSpecializedPingpongEEENS6_IJNSC_ILi64EEESH_NSC_ILi128EEEEEENS6_IJNS_12float_e4m3_tENS_13float_ue8m0_tEEEENS6_IJPNS6_IJlSD_NSC_ILi0EEEEEEPNS5_6LayoutINS6_IJNS6_IJNS6_IJNSC_ILi32EEENSC_ILi4EEEEEEiEEESU_NS6_IJSD_iEEEEEENS6_IJNS6_IJNS6_IJNSC_ILi16EEESS_EEEiEEENS6_IJNS6_IJSN_SD_EEENSC_ILi512EEEEEENS6_IJSN_iEEEEEEEEEEENS6_IJNS_12float_e2m1_tESL_EEES17_NS5_8TiledMMAINS5_8MMA_AtomIJNS5_5SM12011BLOCKSCALED19SM120_16x8x32_TN_VSISK_S18_fSL_Li32EEEEEENSQ_INS6_IJNSC_ILi2EEES1H_SD_EEENS6_IJSD_S1H_SN_EEEEENS6_IJSH_NSQ_INS6_IJNSC_ILi8EEES1H_S1H_EEENS6_IJSD_SX_S1L_EEEEESR_EEEEENS6_IJNS5_13SM90_TMA_LOADES1R_EEENS6_IJNS5_14ComposedLayoutINS5_7SwizzleILi3ELi4ELi3EEENS5_18smem_ptr_flag_bitsILi8EEENSQ_INS6_IJS1L_SI_EEENS6_IJSI_SD_EEEEEEENSQ_INS6_IJNS6_IJST_SD_EEENS6_IJNS6_IJSR_SD_EEESS_SD_EEEEEENS6_IJNS6_IJSY_S11_EEENS6_IJS10_SD_S11_EEEEEEEEEEENS6_IJNS5_9Copy_AtomIJNS5_17SM75_U32x4_LDSM_NEhEEENS2B_IJNS5_13UniversalCopyISL_SL_EESL_EEEEEENS5_8identityES1S_S2A_NS6_IJNS2B_IJNS5_26SM100_SU4_DU8x16_x4_LDSM_NEhEEES2G_EEES2I_EENS_8epilogue10collective18CollectiveEpilogueINS2N_30Sm90PtrArrayTmaWarpSpecializedILi3ELi2ELi4ELb1ELb0ELi2EEEJSJ_NS6_IJSH_SR_EEENS_10bfloat16_tESP_S2T_SP_NS2N_6fusion15FusionCallbacksINS2N_31Sm120PtrArrayTmaWarpSpecializedILi3ELi2ELi4ELb1ELb0ELi2EEENS2U_17LinearCombinationIS2T_fS2T_fLNS_15FloatRoundStyleE2EEESJ_S2S_JEEES1R_NS1T_INS1U_ILi2ELi4ELi3EEENS1W_ILi16EEENSQ_INS6_IJS1L_SR_EEES23_EEEENS5_17SM75_U32x2_LDSM_NENS5_14SM90_TMA_STOREES36_NS5_17SM90_U32x2_STSM_NENS2B_IJS39_NS_6half_tEEEEvEEEvvEEEEvNT_6ParamsE+52152>:	Cannot disassemble instruction at pc 0x325baaab8
   0x325baaac8 <_ZN7cutlass13device_kernelINS_4gemm6kernel13GemmUniversalINS1_17GroupProblemShapeIN4cute5tupleIJlllEEEEENS1_10collective13CollectiveMmaINS9_52MainloopSm120ArrayTmaWarpSpecializedBlockScaledGatedILi2ELi1ENS6_IJNS5_1CILi1EEESD_SD_EEENS1_40KernelPtrArrayTmaWarpSpecializedPingpongEEENS6_IJNSC_ILi64EEESH_NSC_ILi128EEEEEENS6_IJNS_12float_e4m3_tENS_13float_ue8m0_tEEEENS6_IJPNS6_IJlSD_NSC_ILi0EEEEEEPNS5_6LayoutINS6_IJNS6_IJNS6_IJNSC_ILi32EEENSC_ILi4EEEEEEiEEESU_NS6_IJSD_iEEEEEENS6_IJNS6_IJNS6_IJNSC_ILi16EEESS_EEEiEEENS6_IJNS6_IJSN_SD_EEENSC_ILi512EEEEEENS6_IJSN_iEEEEEEEEEEENS6_IJNS_12float_e2m1_tESL_EEES17_NS5_8TiledMMAINS5_8MMA_AtomIJNS5_5SM12011BLOCKSCALED19SM120_16x8x32_TN_VSISK_S18_fSL_Li32EEEEEENSQ_INS6_IJNSC_ILi2EEES1H_SD_EEENS6_IJSD_S1H_SN_EEEEENS6_IJSH_NSQ_INS6_IJNSC_ILi8EEES1H_S1H_EEENS6_IJSD_SX_S1L_EEEEESR_EEEEENS6_IJNS5_13SM90_TMA_LOADES1R_EEENS6_IJNS5_14ComposedLayoutINS5_7SwizzleILi3ELi4ELi3EEENS5_18smem_ptr_flag_bitsILi8EEENSQ_INS6_IJS1L_SI_EEENS6_IJSI_SD_EEEEEEENSQ_INS6_IJNS6_IJST_SD_EEENS6_IJNS6_IJSR_SD_EEESS_SD_EEEEEENS6_IJNS6_IJSY_S11_EEENS6_IJS10_SD_S11_EEEEEEEEEEENS6_IJNS5_9Copy_AtomIJNS5_17SM75_U32x4_LDSM_NEhEEENS2B_IJNS5_13UniversalCopyISL_SL_EESL_EEEEEENS5_8identityES1S_S2A_NS6_IJNS2B_IJNS5_26SM100_SU4_DU8x16_x4_LDSM_NEhEEES2G_EEES2I_EENS_8epilogue10collective18CollectiveEpilogueINS2N_30Sm90PtrArrayTmaWarpSpecializedILi3ELi2ELi4ELb1ELb0ELi2EEEJSJ_NS6_IJSH_SR_EEENS_10bfloat16_tESP_S2T_SP_NS2N_6fusion15FusionCallbacksINS2N_31Sm120PtrArrayTmaWarpSpecializedILi3ELi2ELi4ELb1ELb0ELi2EEENS2U_17LinearCombinationIS2T_fS2T_fLNS_15FloatRoundStyleE2EEESJ_S2S_JEEES1R_NS1T_INS1U_ILi2ELi4ELi3EEENS1W_ILi16EEENSQ_INS6_IJS1L_SR_EEES23_EEEENS5_17SM75_U32x2_LDSM_NENS5_14SM90_TMA_STOREES36_NS5_17SM90_U32x2_STSM_NENS2B_IJS39_NS_6half_tEEEEvEEEvvEEEEvNT_6ParamsE+52168>:	Cannot disassemble instruction at pc 0x325baaac8
   0x325baaad8 <_ZN7cutlass13device_kernelINS_4gemm6kernel13GemmUniversalINS1_17GroupProblemShapeIN4cute5tupleIJlllEEEEENS1_10collective13CollectiveMmaINS9_52MainloopSm120ArrayTmaWarpSpecializedBlockScaledGatedILi2ELi1ENS6_IJNS5_1CILi1EEESD_SD_EEENS1_40KernelPtrArrayTmaWarpSpecializedPingpongEEENS6_IJNSC_ILi64EEESH_NSC_ILi128EEEEEENS6_IJNS_12float_e4m3_tENS_13float_ue8m0_tEEEENS6_IJPNS6_IJlSD_NSC_ILi0EEEEEEPNS5_6LayoutINS6_IJNS6_IJNS6_IJNSC_ILi32EEENSC_ILi4EEEEEEiEEESU_NS6_IJSD_iEEEEEENS6_IJNS6_IJNS6_IJNSC_ILi16EEESS_EEEiEEENS6_IJNS6_IJSN_SD_EEENSC_ILi512EEEEEENS6_IJSN_iEEEEEEEEEEENS6_IJNS_12float_e2m1_tESL_EEES17_NS5_8TiledMMAINS5_8MMA_AtomIJNS5_5SM12011BLOCKSCALED19SM120_16x8x32_TN_VSISK_S18_fSL_Li32EEEEEENSQ_INS6_IJNSC_ILi2EEES1H_SD_EEENS6_IJSD_S1H_SN_EEEEENS6_IJSH_NSQ_INS6_IJNSC_ILi8EEES1H_S1H_EEENS6_IJSD_SX_S1L_EEEEESR_EEEEENS6_IJNS5_13SM90_TMA_LOADES1R_EEENS6_IJNS5_14ComposedLayoutINS5_7SwizzleILi3ELi4ELi3EEENS5_18smem_ptr_flag_bitsILi8EEENSQ_INS6_IJS1L_SI_EEENS6_IJSI_SD_EEEEEEENSQ_INS6_IJNS6_IJST_SD_EEENS6_IJNS6_IJSR_SD_EEESS_SD_EEEEEENS6_IJNS6_IJSY_S11_EEENS6_IJS10_SD_S11_EEEEEEEEEEENS6_IJNS5_9Copy_AtomIJNS5_17SM75_U32x4_LDSM_NEhEEENS2B_IJNS5_13UniversalCopyISL_SL_EESL_EEEEEENS5_8identityES1S_S2A_NS6_IJNS2B_IJNS5_26SM100_SU4_DU8x16_x4_LDSM_NEhEEES2G_EEES2I_EENS_8epilogue10collective18CollectiveEpilogueINS2N_30Sm90PtrArrayTmaWarpSpecializedILi3ELi2ELi4ELb1ELb0ELi2EEEJSJ_NS6_IJSH_SR_EEENS_10bfloat16_tESP_S2T_SP_NS2N_6fusion15FusionCallbacksINS2N_31Sm120PtrArrayTmaWarpSpecializedILi3ELi2ELi4ELb1ELb0ELi2EEENS2U_17LinearCombinationIS2T_fS2T_fLNS_15FloatRoundStyleE2EEESJ_S2S_JEEES1R_NS1T_INS1U_ILi2ELi4ELi3EEENS1W_ILi16EEENSQ_INS6_IJS1L_SR_EEES23_EEEENS5_17SM75_U32x2_LDSM_NENS5_14SM90_TMA_STOREES36_NS5_17SM90_U32x2_STSM_NENS2B_IJS39_NS_6half_tEEEEvEEEvvEEEEvNT_6ParamsE+52184>:	Cannot disassemble instruction at pc 0x325baaad8
*=>0x325baa9d0 <_ZN7cutlass13device_kernelINS_4gemm6kernel13GemmUniversalINS1_17GroupProblemShapeIN4cute5tupleIJlllEEEEENS1_10collective13CollectiveMmaINS9_52MainloopSm120ArrayTmaWarpSpecializedBlockScaledGatedILi2ELi1ENS6_IJNS5_1CILi1EEESD_SD_EEENS1_40KernelPtrArrayTmaWarpSpecializedPingpongEEENS6_IJNSC_ILi64EEESH_NSC_ILi128EEEEEENS6_IJNS_12float_e4m3_tENS_13float_ue8m0_tEEEENS6_IJPNS6_IJlSD_NSC_ILi0EEEEEEPNS5_6LayoutINS6_IJNS6_IJNS6_IJNSC_ILi32EEENSC_ILi4EEEEEEiEEESU_NS6_IJSD_iEEEEEENS6_IJNS6_IJNS6_IJNSC_ILi16EEESS_EEEiEEENS6_IJNS6_IJSN_SD_EEENSC_ILi512EEEEEENS6_IJSN_iEEEEEEEEEEENS6_IJNS_12float_e2m1_tESL_EEES17_NS5_8TiledMMAINS5_8MMA_AtomIJNS5_5SM12011BLOCKSCALED19SM120_16x8x32_TN_VSISK_S18_fSL_Li32EEEEEENSQ_INS6_IJNSC_ILi2EEES1H_SD_EEENS6_IJSD_S1H_SN_EEEEENS6_IJSH_NSQ_INS6_IJNSC_ILi8EEES1H_S1H_EEENS6_IJSD_SX_S1L_EEEEESR_EEEEENS6_IJNS5_13SM90_TMA_LOADES1R_EEENS6_IJNS5_14ComposedLayoutINS5_7SwizzleILi3ELi4ELi3EEENS5_18smem_ptr_flag_bitsILi8EEENSQ_INS6_IJS1L_SI_EEENS6_IJSI_SD_EEEEEEENSQ_INS6_IJNS6_IJST_SD_EEENS6_IJNS6_IJSR_SD_EEESS_SD_EEEEEENS6_IJNS6_IJSY_S11_EEENS6_IJS10_SD_S11_EEEEEEEEEEENS6_IJNS5_9Copy_AtomIJNS5_17SM75_U32x4_LDSM_NEhEEENS2B_IJNS5_13UniversalCopyISL_SL_EESL_EEEEEENS5_8identityES1S_S2A_NS6_IJNS2B_IJNS5_26SM100_SU4_DU8x16_x4_LDSM_NEhEEES2G_EEES2I_EENS_8epilogue10collective18CollectiveEpilogueINS2N_30Sm90PtrArrayTmaWarpSpecializedILi3ELi2ELi4ELb1ELb0ELi2EEEJSJ_NS6_IJSH_SR_EEENS_10bfloat16_tESP_S2T_SP_NS2N_6fusion15FusionCallbacksINS2N_31Sm120PtrArrayTmaWarpSpecializedILi3ELi2ELi4ELb1ELb0ELi2EEENS2U_17LinearCombinationIS2T_fS2T_fLNS_15FloatRoundStyleE2EEESJ_S2S_JEEES1R_NS1T_INS1U_ILi2ELi4ELi3EEENS1W_ILi16EEENSQ_INS6_IJS1L_SR_EEES23_EEEENS5_17SM75_U32x2_LDSM_NENS5_14SM90_TMA_STOREES36_NS5_17SM90_U32x2_STSM_NENS2B_IJS39_NS_6half_tEEEEvEEEvvEEEEvNT_6ParamsE+51920>:	UTMALDG.4D desc[UR48][UR16][UR54]
   0x325baa9e0 <_ZN7cutlass13device_kernelINS_4gemm6kernel13GemmUniversalINS1_17GroupProblemShapeIN4cute5tupleIJlllEEEEENS1_10collective13CollectiveMmaINS9_52MainloopSm120ArrayTmaWarpSpecializedBlockScaledGatedILi2ELi1ENS6_IJNS5_1CILi1EEESD_SD_EEENS1_40KernelPtrArrayTmaWarpSpecializedPingpongEEENS6_IJNSC_ILi64EEESH_NSC_ILi128EEEEEENS6_IJNS_12float_e4m3_tENS_13float_ue8m0_tEEEENS6_IJPNS6_IJlSD_NSC_ILi0EEEEEEPNS5_6LayoutINS6_IJNS6_IJNS6_IJNSC_ILi32EEENSC_ILi4EEEEEEiEEESU_NS6_IJSD_iEEEEEENS6_IJNS6_IJNS6_IJNSC_ILi16EEESS_EEEiEEENS6_IJNS6_IJSN_SD_EEENSC_ILi512EEEEEENS6_IJSN_iEEEEEEEEEEENS6_IJNS_12float_e2m1_tESL_EEES17_NS5_8TiledMMAINS5_8MMA_AtomIJNS5_5SM12011BLOCKSCALED19SM120_16x8x32_TN_VSISK_S18_fSL_Li32EEEEEENSQ_INS6_IJNSC_ILi2EEES1H_SD_EEENS6_IJSD_S1H_SN_EEEEENS6_IJSH_NSQ_INS6_IJNSC_ILi8EEES1H_S1H_EEENS6_IJSD_SX_S1L_EEEEESR_EEEEENS6_IJNS5_13SM90_TMA_LOADES1R_EEENS6_IJNS5_14ComposedLayoutINS5_7SwizzleILi3ELi4ELi3EEENS5_18smem_ptr_flag_bitsILi8EEENSQ_INS6_IJS1L_SI_EEENS6_IJSI_SD_EEEEEEENSQ_INS6_IJNS6_IJST_SD_EEENS6_IJNS6_IJSR_SD_EEESS_SD_EEEEEENS6_IJNS6_IJSY_S11_EEENS6_IJS10_SD_S11_EEEEEEEEEEENS6_IJNS5_9Copy_AtomIJNS5_17SM75_U32x4_LDSM_NEhEEENS2B_IJNS5_13UniversalCopyISL_SL_EESL_EEEEEENS5_8identityES1S_S2A_NS6_IJNS2B_IJNS5_26SM100_SU4_DU8x16_x4_LDSM_NEhEEES2G_EEES2I_EENS_8epilogue10collective18CollectiveEpilogueINS2N_30Sm90PtrArrayTmaWarpSpecializedILi3ELi2ELi4ELb1ELb0ELi2EEEJSJ_NS6_IJSH_SR_EEENS_10bfloat16_tESP_S2T_SP_NS2N_6fusion15FusionCallbacksINS2N_31Sm120PtrArrayTmaWarpSpecializedILi3ELi2ELi4ELb1ELb0ELi2EEENS2U_17LinearCombinationIS2T_fS2T_fLNS_15FloatRoundStyleE2EEESJ_S2S_JEEES1R_NS1T_INS1U_ILi2ELi4ELi3EEENS1W_ILi16EEENSQ_INS6_IJS1L_SR_EEES23_EEEENS5_17SM75_U32x2_LDSM_NENS5_14SM90_TMA_STOREES36_NS5_17SM90_U32x2_STSM_NENS2B_IJS39_NS_6half_tEEEEvEEEvvEEEEvNT_6ParamsE+51936>:	UTMALDG.2D desc[UR48][UR4][UR52]
   0x325baa9f0 <_ZN7cutlass13device_kernelINS_4gemm6kernel13GemmUniversalINS1_17GroupProblemShapeIN4cute5tupleIJlllEEEEENS1_10collective13CollectiveMmaINS9_52MainloopSm120ArrayTmaWarpSpecializedBlockScaledGatedILi2ELi1ENS6_IJNS5_1CILi1EEESD_SD_EEENS1_40KernelPtrArrayTmaWarpSpecializedPingpongEEENS6_IJNSC_ILi64EEESH_NSC_ILi128EEEEEENS6_IJNS_12float_e4m3_tENS_13float_ue8m0_tEEEENS6_IJPNS6_IJlSD_NSC_ILi0EEEEEEPNS5_6LayoutINS6_IJNS6_IJNS6_IJNSC_ILi32EEENSC_ILi4EEEEEEiEEESU_NS6_IJSD_iEEEEEENS6_IJNS6_IJNS6_IJNSC_ILi16EEESS_EEEiEEENS6_IJNS6_IJSN_SD_EEENSC_ILi512EEEEEENS6_IJSN_iEEEEEEEEEEENS6_IJNS_12float_e2m1_tESL_EEES17_NS5_8TiledMMAINS5_8MMA_AtomIJNS5_5SM12011BLOCKSCALED19SM120_16x8x32_TN_VSISK_S18_fSL_Li32EEEEEENSQ_INS6_IJNSC_ILi2EEES1H_SD_EEENS6_IJSD_S1H_SN_EEEEENS6_IJSH_NSQ_INS6_IJNSC_ILi8EEES1H_S1H_EEENS6_IJSD_SX_S1L_EEEEESR_EEEEENS6_IJNS5_13SM90_TMA_LOADES1R_EEENS6_IJNS5_14ComposedLayoutINS5_7SwizzleILi3ELi4ELi3EEENS5_18smem_ptr_flag_bitsILi8EEENSQ_INS6_IJS1L_SI_EEENS6_IJSI_SD_EEEEEEENSQ_INS6_IJNS6_IJST_SD_EEENS6_IJNS6_IJSR_SD_EEESS_SD_EEEEEENS6_IJNS6_IJSY_S11_EEENS6_IJS10_SD_S11_EEEEEEEEEEENS6_IJNS5_9Copy_AtomIJNS5_17SM75_U32x4_LDSM_NEhEEENS2B_IJNS5_13UniversalCopyISL_SL_EESL_EEEEEENS5_8identityES1S_S2A_NS6_IJNS2B_IJNS5_26SM100_SU4_DU8x16_x4_LDSM_NEhEEES2G_EEES2I_EENS_8epilogue10collective18CollectiveEpilogueINS2N_30Sm90PtrArrayTmaWarpSpecializedILi3ELi2ELi4ELb1ELb0ELi2EEEJSJ_NS6_IJSH_SR_EEENS_10bfloat16_tESP_S2T_SP_NS2N_6fusion15FusionCallbacksINS2N_31Sm120PtrArrayTmaWarpSpecializedILi3ELi2ELi4ELb1ELb0ELi2EEENS2U_17LinearCombinationIS2T_fS2T_fLNS_15FloatRoundStyleE2EEESJ_S2S_JEEES1R_NS1T_INS1U_ILi2ELi4ELi3EEENS1W_ILi16EEENSQ_INS6_IJS1L_SR_EEES23_EEEENS5_17SM75_U32x2_LDSM_NENS5_14SM90_TMA_STOREES36_NS5_17SM90_U32x2_STSM_NENS2B_IJS39_NS_6half_tEEEEvEEEvvEEEEvNT_6ParamsE+51952>:	UTMALDG.4D desc[UR48][UR8][UR50]
   0x325baaa00 <_ZN7cutlass13device_kernelINS_4gemm6kernel13GemmUniversalINS1_17GroupProblemShapeIN4cute5tupleIJlllEEEEENS1_10collective13CollectiveMmaINS9_52MainloopSm120ArrayTmaWarpSpecializedBlockScaledGatedILi2ELi1ENS6_IJNS5_1CILi1EEESD_SD_EEENS1_40KernelPtrArrayTmaWarpSpecializedPingpongEEENS6_IJNSC_ILi64EEESH_NSC_ILi128EEEEEENS6_IJNS_12float_e4m3_tENS_13float_ue8m0_tEEEENS6_IJPNS6_IJlSD_NSC_ILi0EEEEEEPNS5_6LayoutINS6_IJNS6_IJNS6_IJNSC_ILi32EEENSC_ILi4EEEEEEiEEESU_NS6_IJSD_iEEEEEENS6_IJNS6_IJNS6_IJNSC_ILi16EEESS_EEEiEEENS6_IJNS6_IJSN_SD_EEENSC_ILi512EEEEEENS6_IJSN_iEEEEEEEEEEENS6_IJNS_12float_e2m1_tESL_EEES17_NS5_8TiledMMAINS5_8MMA_AtomIJNS5_5SM12011BLOCKSCALED19SM120_16x8x32_TN_VSISK_S18_fSL_Li32EEEEEENSQ_INS6_IJNSC_ILi2EEES1H_SD_EEENS6_IJSD_S1H_SN_EEEEENS6_IJSH_NSQ_INS6_IJNSC_ILi8EEES1H_S1H_EEENS6_IJSD_SX_S1L_EEEEESR_EEEEENS6_IJNS5_13SM90_TMA_LOADES1R_EEENS6_IJNS5_14ComposedLayoutINS5_7SwizzleILi3ELi4ELi3EEENS5_18smem_ptr_flag_bitsILi8EEENSQ_INS6_IJS1L_SI_EEENS6_IJSI_SD_EEEEEEENSQ_INS6_IJNS6_IJST_SD_EEENS6_IJNS6_IJSR_SD_EEESS_SD_EEEEEENS6_IJNS6_IJSY_S11_EEENS6_IJS10_SD_S11_EEEEEEEEEEENS6_IJNS5_9Copy_AtomIJNS5_17SM75_U32x4_LDSM_NEhEEENS2B_IJNS5_13UniversalCopyISL_SL_EESL_EEEEEENS5_8identityES1S_S2A_NS6_IJNS2B_IJNS5_26SM100_SU4_DU8x16_x4_LDSM_NEhEEES2G_EEES2I_EENS_8epilogue10collective18CollectiveEpilogueINS2N_30Sm90PtrArrayTmaWarpSpecializedILi3ELi2ELi4ELb1ELb0ELi2EEEJSJ_NS6_IJSH_SR_EEENS_10bfloat16_tESP_S2T_SP_NS2N_6fusion15FusionCallbacksINS2N_31Sm120PtrArrayTmaWarpSpecializedILi3ELi2ELi4ELb1ELb0ELi2EEENS2U_17LinearCombinationIS2T_fS2T_fLNS_15FloatRoundStyleE2EEESJ_S2S_JEEES1R_NS1T_INS1U_ILi2ELi4ELi3EEENS1W_ILi16EEENSQ_INS6_IJS1L_SR_EEES23_EEEENS5_17SM75_U32x2_LDSM_NENS5_14SM90_TMA_STOREES36_NS5_17SM90_U32x2_STSM_NENS2B_IJS39_NS_6half_tEEEEvEEEvvEEEEvNT_6ParamsE+51968>:	@P0 BRA 0x325baa6a0
   0x325baaa10 <_ZN7cutlass13device_kernelINS_4gemm6kernel13GemmUniversalINS1_17GroupProblemShapeIN4cute5tupleIJlllEEEEENS1_10collective13CollectiveMmaINS9_52MainloopSm120ArrayTmaWarpSpecializedBlockScaledGatedILi2ELi1ENS6_IJNS5_1CILi1EEESD_SD_EEENS1_40KernelPtrArrayTmaWarpSpecializedPingpongEEENS6_IJNSC_ILi64EEESH_NSC_ILi128EEEEEENS6_IJNS_12float_e4m3_tENS_13float_ue8m0_tEEEENS6_IJPNS6_IJlSD_NSC_ILi0EEEEEEPNS5_6LayoutINS6_IJNS6_IJNS6_IJNSC_ILi32EEENSC_ILi4EEEEEEiEEESU_NS6_IJSD_iEEEEEENS6_IJNS6_IJNS6_IJNSC_ILi16EEESS_EEEiEEENS6_IJNS6_IJSN_SD_EEENSC_ILi512EEEEEENS6_IJSN_iEEEEEEEEEEENS6_IJNS_12float_e2m1_tESL_EEES17_NS5_8TiledMMAINS5_8MMA_AtomIJNS5_5SM12011BLOCKSCALED19SM120_16x8x32_TN_VSISK_S18_fSL_Li32EEEEEENSQ_INS6_IJNSC_ILi2EEES1H_SD_EEENS6_IJSD_S1H_SN_EEEEENS6_IJSH_NSQ_INS6_IJNSC_ILi8EEES1H_S1H_EEENS6_IJSD_SX_S1L_EEEEESR_EEEEENS6_IJNS5_13SM90_TMA_LOADES1R_EEENS6_IJNS5_14ComposedLayoutINS5_7SwizzleILi3ELi4ELi3EEENS5_18smem_ptr_flag_bitsILi8EEENSQ_INS6_IJS1L_SI_EEENS6_IJSI_SD_EEEEEEENSQ_INS6_IJNS6_IJST_SD_EEENS6_IJNS6_IJSR_SD_EEESS_SD_EEEEEENS6_IJNS6_IJSY_S11_EEENS6_IJS10_SD_S11_EEEEEEEEEEENS6_IJNS5_9Copy_AtomIJNS5_17SM75_U32x4_LDSM_NEhEEENS2B_IJNS5_13UniversalCopyISL_SL_EESL_EEEEEENS5_8identityES1S_S2A_NS6_IJNS2B_IJNS5_26SM100_SU4_DU8x16_x4_LDSM_NEhEEES2G_EEES2I_EENS_8epilogue10collective18CollectiveEpilogueINS2N_30Sm90PtrArrayTmaWarpSpecializedILi3ELi2ELi4ELb1ELb0ELi2EEEJSJ_NS6_IJSH_SR_EEENS_10bfloat16_tESP_S2T_SP_NS2N_6fusion15FusionCallbacksINS2N_31Sm120PtrArrayTmaWarpSpecializedILi3ELi2ELi4ELb1ELb0ELi2EEENS2U_17LinearCombinationIS2T_fS2T_fLNS_15FloatRoundStyleE2EEESJ_S2S_JEEES1R_NS1T_INS1U_ILi2ELi4ELi3EEENS1W_ILi16EEENSQ_INS6_IJS1L_SR_EEES23_EEEENS5_17SM75_U32x2_LDSM_NENS5_14SM90_TMA_STOREES36_NS5_17SM90_U32x2_STSM_NENS2B_IJS39_NS_6half_tEEEEvEEEvvEEEEvNT_6ParamsE+51984>:	BSYNC B0
   0x325baaa20 <_ZN7cutlass13device_kernelINS_4gemm6kernel13GemmUniversalINS1_17GroupProblemShapeIN4cute5tupleIJlllEEEEENS1_10collective13CollectiveMmaINS9_52MainloopSm120ArrayTmaWarpSpecializedBlockScaledGatedILi2ELi1ENS6_IJNS5_1CILi1EEESD_SD_EEENS1_40KernelPtrArrayTmaWarpSpecializedPingpongEEENS6_IJNSC_ILi64EEESH_NSC_ILi128EEEEEENS6_IJNS_12float_e4m3_tENS_13float_ue8m0_tEEEENS6_IJPNS6_IJlSD_NSC_ILi0EEEEEEPNS5_6LayoutINS6_IJNS6_IJNS6_IJNSC_ILi32EEENSC_ILi4EEEEEEiEEESU_NS6_IJSD_iEEEEEENS6_IJNS6_IJNS6_IJNSC_ILi16EEESS_EEEiEEENS6_IJNS6_IJSN_SD_EEENSC_ILi512EEEEEENS6_IJSN_iEEEEEEEEEEENS6_IJNS_12float_e2m1_tESL_EEES17_NS5_8TiledMMAINS5_8MMA_AtomIJNS5_5SM12011BLOCKSCALED19SM120_16x8x32_TN_VSISK_S18_fSL_Li32EEEEEENSQ_INS6_IJNSC_ILi2EEES1H_SD_EEENS6_IJSD_S1H_SN_EEEEENS6_IJSH_NSQ_INS6_IJNSC_ILi8EEES1H_S1H_EEENS6_IJSD_SX_S1L_EEEEESR_EEEEENS6_IJNS5_13SM90_TMA_LOADES1R_EEENS6_IJNS5_14ComposedLayoutINS5_7SwizzleILi3ELi4ELi3EEENS5_18smem_ptr_flag_bitsILi8EEENSQ_INS6_IJS1L_SI_EEENS6_IJSI_SD_EEEEEEENSQ_INS6_IJNS6_IJST_SD_EEENS6_IJNS6_IJSR_SD_EEESS_SD_EEEEEENS6_IJNS6_IJSY_S11_EEENS6_IJS10_SD_S11_EEEEEEEEEEENS6_IJNS5_9Copy_AtomIJNS5_17SM75_U32x4_LDSM_NEhEEENS2B_IJNS5_13UniversalCopyISL_SL_EESL_EEEEEENS5_8identityES1S_S2A_NS6_IJNS2B_IJNS5_26SM100_SU4_DU8x16_x4_LDSM_NEhEEES2G_EEES2I_EENS_8epilogue10collective18CollectiveEpilogueINS2N_30Sm90PtrArrayTmaWarpSpecializedILi3ELi2ELi4ELb1ELb0ELi2EEEJSJ_NS6_IJSH_SR_EEENS_10bfloat16_tESP_S2T_SP_NS2N_6fusion15FusionCallbacksINS2N_31Sm120PtrArrayTmaWarpSpecializedILi3ELi2ELi4ELb1ELb0ELi2EEENS2U_17LinearCombinationIS2T_fS2T_fLNS_15FloatRoundStyleE2EEESJ_S2S_JEEES1R_NS1T_INS1U_ILi2ELi4ELi3EEENS1W_ILi16EEENSQ_INS6_IJS1L_SR_EEES23_EEEENS5_17SM75_U32x2_LDSM_NENS5_14SM90_TMA_STOREES36_NS5_17SM90_U32x2_STSM_NENS2B_IJS39_NS_6half_tEEEEvEEEvvEEEEvNT_6ParamsE+52000>:	UMOV UR4,0xffffffff
   0x325baaa30 <_ZN7cutlass13device_kernelINS_4gemm6kernel13GemmUniversalINS1_17GroupProblemShapeIN4cute5tupleIJlllEEEEENS1_10collective13CollectiveMmaINS9_52MainloopSm120ArrayTmaWarpSpecializedBlockScaledGatedILi2ELi1ENS6_IJNS5_1CILi1EEESD_SD_EEENS1_40KernelPtrArrayTmaWarpSpecializedPingpongEEENS6_IJNSC_ILi64EEESH_NSC_ILi128EEEEEENS6_IJNS_12float_e4m3_tENS_13float_ue8m0_tEEEENS6_IJPNS6_IJlSD_NSC_ILi0EEEEEEPNS5_6LayoutINS6_IJNS6_IJNS6_IJNSC_ILi32EEENSC_ILi4EEEEEEiEEESU_NS6_IJSD_iEEEEEENS6_IJNS6_IJNS6_IJNSC_ILi16EEESS_EEEiEEENS6_IJNS6_IJSN_SD_EEENSC_ILi512EEEEEENS6_IJSN_iEEEEEEEEEEENS6_IJNS_12float_e2m1_tESL_EEES17_NS5_8TiledMMAINS5_8MMA_AtomIJNS5_5SM12011BLOCKSCALED19SM120_16x8x32_TN_VSISK_S18_fSL_Li32EEEEEENSQ_INS6_IJNSC_ILi2EEES1H_SD_EEENS6_IJSD_S1H_SN_EEEEENS6_IJSH_NSQ_INS6_IJNSC_ILi8EEES1H_S1H_EEENS6_IJSD_SX_S1L_EEEEESR_EEEEENS6_IJNS5_13SM90_TMA_LOADES1R_EEENS6_IJNS5_14ComposedLayoutINS5_7SwizzleILi3ELi4ELi3EEENS5_18smem_ptr_flag_bitsILi8EEENSQ_INS6_IJS1L_SI_EEENS6_IJSI_SD_EEEEEEENSQ_INS6_IJNS6_IJST_SD_EEENS6_IJNS6_IJSR_SD_EEESS_SD_EEEEEENS6_IJNS6_IJSY_S11_EEENS6_IJS10_SD_S11_EEEEEEEEEEENS6_IJNS5_9Copy_AtomIJNS5_17SM75_U32x4_LDSM_NEhEEENS2B_IJNS5_13UniversalCopyISL_SL_EESL_EEEEEENS5_8identityES1S_S2A_NS6_IJNS2B_IJNS5_26SM100_SU4_DU8x16_x4_LDSM_NEhEEES2G_EEES2I_EENS_8epilogue10collective18CollectiveEpilogueINS2N_30Sm90PtrArrayTmaWarpSpecializedILi3ELi2ELi4ELb1ELb0ELi2EEEJSJ_NS6_IJSH_SR_EEENS_10bfloat16_tESP_S2T_SP_NS2N_6fusion15FusionCallbacksINS2N_31Sm120PtrArrayTmaWarpSpecializedILi3ELi2ELi4ELb1ELb0ELi2EEENS2U_17LinearCombinationIS2T_fS2T_fLNS_15FloatRoundStyleE2EEESJ_S2S_JEEES1R_NS1T_INS1U_ILi2ELi4ELi3EEENS1W_ILi16EEENSQ_INS6_IJS1L_SR_EEES23_EEEENS5_17SM75_U32x2_LDSM_NENS5_14SM90_TMA_STOREES36_NS5_17SM90_U32x2_STSM_NENS2B_IJS39_NS_6half_tEEEEvEEEvvEEEEvNT_6ParamsE+52016>:	BRA.DIV UR4,0x325bad9b0
   0x325baaa40 <_ZN7cutlass13device_kernelINS_4gemm6kernel13GemmUniversalINS1_17GroupProblemShapeIN4cute5tupleIJlllEEEEENS1_10collective13CollectiveMmaINS9_52MainloopSm120ArrayTmaWarpSpecializedBlockScaledGatedILi2ELi1ENS6_IJNS5_1CILi1EEESD_SD_EEENS1_40KernelPtrArrayTmaWarpSpecializedPingpongEEENS6_IJNSC_ILi64EEESH_NSC_ILi128EEEEEENS6_IJNS_12float_e4m3_tENS_13float_ue8m0_tEEEENS6_IJPNS6_IJlSD_NSC_ILi0EEEEEEPNS5_6LayoutINS6_IJNS6_IJNS6_IJNSC_ILi32EEENSC_ILi4EEEEEEiEEESU_NS6_IJSD_iEEEEEENS6_IJNS6_IJNS6_IJNSC_ILi16EEESS_EEEiEEENS6_IJNS6_IJSN_SD_EEENSC_ILi512EEEEEENS6_IJSN_iEEEEEEEEEEENS6_IJNS_12float_e2m1_tESL_EEES17_NS5_8TiledMMAINS5_8MMA_AtomIJNS5_5SM12011BLOCKSCALED19SM120_16x8x32_TN_VSISK_S18_fSL_Li32EEEEEENSQ_INS6_IJNSC_ILi2EEES1H_SD_EEENS6_IJSD_S1H_SN_EEEEENS6_IJSH_NSQ_INS6_IJNSC_ILi8EEES1H_S1H_EEENS6_IJSD_SX_S1L_EEEEESR_EEEEENS6_IJNS5_13SM90_TMA_LOADES1R_EEENS6_IJNS5_14ComposedLayoutINS5_7SwizzleILi3ELi4ELi3EEENS5_18smem_ptr_flag_bitsILi8EEENSQ_INS6_IJS1L_SI_EEENS6_IJSI_SD_EEEEEEENSQ_INS6_IJNS6_IJST_SD_EEENS6_IJNS6_IJSR_SD_EEESS_SD_EEEEEENS6_IJNS6_IJSY_S11_EEENS6_IJS10_SD_S11_EEEEEEEEEEENS6_IJNS5_9Copy_AtomIJNS5_17SM75_U32x4_LDSM_NEhEEENS2B_IJNS5_13UniversalCopyISL_SL_EESL_EEEEEENS5_8identityES1S_S2A_NS6_IJNS2B_IJNS5_26SM100_SU4_DU8x16_x4_LDSM_NEhEEES2G_EEES2I_EENS_8epilogue10collective18CollectiveEpilogueINS2N_30Sm90PtrArrayTmaWarpSpecializedILi3ELi2ELi4ELb1ELb0ELi2EEEJSJ_NS6_IJSH_SR_EEENS_10bfloat16_tESP_S2T_SP_NS2N_6fusion15FusionCallbacksINS2N_31Sm120PtrArrayTmaWarpSpecializedILi3ELi2ELi4ELb1ELb0ELi2EEENS2U_17LinearCombinationIS2T_fS2T_fLNS_15FloatRoundStyleE2EEESJ_S2S_JEEES1R_NS1T_INS1U_ILi2ELi4ELi3EEENS1W_ILi16EEENSQ_INS6_IJS1L_SR_EEES23_EEEENS5_17SM75_U32x2_LDSM_NENS5_14SM90_TMA_STOREES36_NS5_17SM90_U32x2_STSM_NENS2B_IJS39_NS_6half_tEEEEvEEEvvEEEEvNT_6ParamsE+52032>:	NOP
   0x325baaa50 <_ZN7cutlass13device_kernelINS_4gemm6kernel13GemmUniversalINS1_17GroupProblemShapeIN4cute5tupleIJlllEEEEENS1_10collective13CollectiveMmaINS9_52MainloopSm120ArrayTmaWarpSpecializedBlockScaledGatedILi2ELi1ENS6_IJNS5_1CILi1EEESD_SD_EEENS1_40KernelPtrArrayTmaWarpSpecializedPingpongEEENS6_IJNSC_ILi64EEESH_NSC_ILi128EEEEEENS6_IJNS_12float_e4m3_tENS_13float_ue8m0_tEEEENS6_IJPNS6_IJlSD_NSC_ILi0EEEEEEPNS5_6LayoutINS6_IJNS6_IJNS6_IJNSC_ILi32EEENSC_ILi4EEEEEEiEEESU_NS6_IJSD_iEEEEEENS6_IJNS6_IJNS6_IJNSC_ILi16EEESS_EEEiEEENS6_IJNS6_IJSN_SD_EEENSC_ILi512EEEEEENS6_IJSN_iEEEEEEEEEEENS6_IJNS_12float_e2m1_tESL_EEES17_NS5_8TiledMMAINS5_8MMA_AtomIJNS5_5SM12011BLOCKSCALED19SM120_16x8x32_TN_VSISK_S18_fSL_Li32EEEEEENSQ_INS6_IJNSC_ILi2EEES1H_SD_EEENS6_IJSD_S1H_SN_EEEEENS6_IJSH_NSQ_INS6_IJNSC_ILi8EEES1H_S1H_EEENS6_IJSD_SX_S1L_EEEEESR_EEEEENS6_IJNS5_13SM90_TMA_LOADES1R_EEENS6_IJNS5_14ComposedLayoutINS5_7SwizzleILi3ELi4ELi3EEENS5_18smem_ptr_flag_bitsILi8EEENSQ_INS6_IJS1L_SI_EEENS6_IJSI_SD_EEEEEEENSQ_INS6_IJNS6_IJST_SD_EEENS6_IJNS6_IJSR_SD_EEESS_SD_EEEEEENS6_IJNS6_IJSY_S11_EEENS6_IJS10_SD_S11_EEEEEEEEEEENS6_IJNS5_9Copy_AtomIJNS5_17SM75_U32x4_LDSM_NEhEEENS2B_IJNS5_13UniversalCopyISL_SL_EESL_EEEEEENS5_8identityES1S_S2A_NS6_IJNS2B_IJNS5_26SM100_SU4_DU8x16_x4_LDSM_NEhEEES2G_EEES2I_EENS_8epilogue10collective18CollectiveEpilogueINS2N_30Sm90PtrArrayTmaWarpSpecializedILi3ELi2ELi4ELb1ELb0ELi2EEEJSJ_NS6_IJSH_SR_EEENS_10bfloat16_tESP_S2T_SP_NS2N_6fusion15FusionCallbacksINS2N_31Sm120PtrArrayTmaWarpSpecializedILi3ELi2ELi4ELb1ELb0ELi2EEENS2U_17LinearCombinationIS2T_fS2T_fLNS_15FloatRoundStyleE2EEESJ_S2S_JEEES1R_NS1T_INS1U_ILi2ELi4ELi3EEENS1W_ILi16EEENSQ_INS6_IJS1L_SR_EEES23_EEEENS5_17SM75_U32x2_LDSM_NENS5_14SM90_TMA_STOREES36_NS5_17SM90_U32x2_STSM_NENS2B_IJS39_NS_6half_tEEEEvEEEvvEEEEvNT_6ParamsE+52048>:	S2R R3,SR_CgaCtaId
   0x325baaa60 <_ZN7cutlass13device_kernelINS_4gemm6kernel13GemmUniversalINS1_17GroupProblemShapeIN4cute5tupleIJlllEEEEENS1_10collective13CollectiveMmaINS9_52MainloopSm120ArrayTmaWarpSpecializedBlockScaledGatedILi2ELi1ENS6_IJNS5_1CILi1EEESD_SD_EEENS1_40KernelPtrArrayTmaWarpSpecializedPingpongEEENS6_IJNSC_ILi64EEESH_NSC_ILi128EEEEEENS6_IJNS_12float_e4m3_tENS_13float_ue8m0_tEEEENS6_IJPNS6_IJlSD_NSC_ILi0EEEEEEPNS5_6LayoutINS6_IJNS6_IJNS6_IJNSC_ILi32EEENSC_ILi4EEEEEEiEEESU_NS6_IJSD_iEEEEEENS6_IJNS6_IJNS6_IJNSC_ILi16EEESS_EEEiEEENS6_IJNS6_IJSN_SD_EEENSC_ILi512EEEEEENS6_IJSN_iEEEEEEEEEEENS6_IJNS_12float_e2m1_tESL_EEES17_NS5_8TiledMMAINS5_8MMA_AtomIJNS5_5SM12011BLOCKSCALED19SM120_16x8x32_TN_VSISK_S18_fSL_Li32EEEEEENSQ_INS6_IJNSC_ILi2EEES1H_SD_EEENS6_IJSD_S1H_SN_EEEEENS6_IJSH_NSQ_INS6_IJNSC_ILi8EEES1H_S1H_EEENS6_IJSD_SX_S1L_EEEEESR_EEEEENS6_IJNS5_13SM90_TMA_LOADES1R_EEENS6_IJNS5_14ComposedLayoutINS5_7SwizzleILi3ELi4ELi3EEENS5_18smem_ptr_flag_bitsILi8EEENSQ_INS6_IJS1L_SI_EEENS6_IJSI_SD_EEEEEEENSQ_INS6_IJNS6_IJST_SD_EEENS6_IJNS6_IJSR_SD_EEESS_SD_EEEEEENS6_IJNS6_IJSY_S11_EEENS6_IJS10_SD_S11_EEEEEEEEEEENS6_IJNS5_9Copy_AtomIJNS5_17SM75_U32x4_LDSM_NEhEEENS2B_IJNS5_13UniversalCopyISL_SL_EESL_EEEEEENS5_8identityES1S_S2A_NS6_IJNS2B_IJNS5_26SM100_SU4_DU8x16_x4_LDSM_NEhEEES2G_EEES2I_EENS_8epilogue10collective18CollectiveEpilogueINS2N_30Sm90PtrArrayTmaWarpSpecializedILi3ELi2ELi4ELb1ELb0ELi2EEEJSJ_NS6_IJSH_SR_EEENS_10bfloat16_tESP_S2T_SP_NS2N_6fusion15FusionCallbacksINS2N_31Sm120PtrArrayTmaWarpSpecializedILi3ELi2ELi4ELb1ELb0ELi2EEENS2U_17LinearCombinationIS2T_fS2T_fLNS_15FloatRoundStyleE2EEESJ_S2S_JEEES1R_NS1T_INS1U_ILi2ELi4ELi3EEENS1W_ILi16EEENSQ_INS6_IJS1L_SR_EEES23_EEEENS5_17SM75_U32x2_LDSM_NENS5_14SM90_TMA_STOREES36_NS5_17SM90_U32x2_STSM_NENS2B_IJS39_NS_6half_tEEEEvEEEvvEEEEvNT_6ParamsE+52064>:	MOV R16,0x400
   0x325baaa70 <_ZN7cutlass13device_kernelINS_4gemm6kernel13GemmUniversalINS1_17GroupProblemShapeIN4cute5tupleIJlllEEEEENS1_10collective13CollectiveMmaINS9_52MainloopSm120ArrayTmaWarpSpecializedBlockScaledGatedILi2ELi1ENS6_IJNS5_1CILi1EEESD_SD_EEENS1_40KernelPtrArrayTmaWarpSpecializedPingpongEEENS6_IJNSC_ILi64EEESH_NSC_ILi128EEEEEENS6_IJNS_12float_e4m3_tENS_13float_ue8m0_tEEEENS6_IJPNS6_IJlSD_NSC_ILi0EEEEEEPNS5_6LayoutINS6_IJNS6_IJNS6_IJNSC_ILi32EEENSC_ILi4EEEEEEiEEESU_NS6_IJSD_iEEEEEENS6_IJNS6_IJNS6_IJNSC_ILi16EEESS_EEEiEEENS6_IJNS6_IJSN_SD_EEENSC_ILi512EEEEEENS6_IJSN_iEEEEEEEEEEENS6_IJNS_12float_e2m1_tESL_EEES17_NS5_8TiledMMAINS5_8MMA_AtomIJNS5_5SM12011BLOCKSCALED19SM120_16x8x32_TN_VSISK_S18_fSL_Li32EEEEEENSQ_INS6_IJNSC_ILi2EEES1H_SD_EEENS6_IJSD_S1H_SN_EEEEENS6_IJSH_NSQ_INS6_IJNSC_ILi8EEES1H_S1H_EEENS6_IJSD_SX_S1L_EEEEESR_EEEEENS6_IJNS5_13SM90_TMA_LOADES1R_EEENS6_IJNS5_14ComposedLayoutINS5_7SwizzleILi3ELi4ELi3EEENS5_18smem_ptr_flag_bitsILi8EEENSQ_INS6_IJS1L_SI_EEENS6_IJSI_SD_EEEEEEENSQ_INS6_IJNS6_IJST_SD_EEENS6_IJNS6_IJSR_SD_EEESS_SD_EEEEEENS6_IJNS6_IJSY_S11_EEENS6_IJS10_SD_S11_EEEEEEEEEEENS6_IJNS5_9Copy_AtomIJNS5_17SM75_U32x4_LDSM_NEhEEENS2B_IJNS5_13UniversalCopyISL_SL_EESL_EEEEEENS5_8identityES1S_S2A_NS6_IJNS2B_IJNS5_26SM100_SU4_DU8x16_x4_LDSM_NEhEEES2G_EEES2I_EENS_8epilogue10collective18CollectiveEpilogueINS2N_30Sm90PtrArrayTmaWarpSpecializedILi3ELi2ELi4ELb1ELb0ELi2EEEJSJ_NS6_IJSH_SR_EEENS_10bfloat16_tESP_S2T_SP_NS2N_6fusion15FusionCallbacksINS2N_31Sm120PtrArrayTmaWarpSpecializedILi3ELi2ELi4ELb1ELb0ELi2EEENS2U_17LinearCombinationIS2T_fS2T_fLNS_15FloatRoundStyleE2EEESJ_S2S_JEEES1R_NS1T_INS1U_ILi2ELi4ELi3EEENS1W_ILi16EEENSQ_INS6_IJS1L_SR_EEES23_EEEENS5_17SM75_U32x2_LDSM_NENS5_14SM90_TMA_STOREES36_NS5_17SM90_U32x2_STSM_NENS2B_IJS39_NS_6half_tEEEEvEEEvvEEEEvNT_6ParamsE+52080>:	SHF.L.U32 R4,R18,0x1f,RZ
   0x325baaa80 <_ZN7cutlass13device_kernelINS_4gemm6kernel13GemmUniversalINS1_17GroupProblemShapeIN4cute5tupleIJlllEEEEENS1_10collective13CollectiveMmaINS9_52MainloopSm120ArrayTmaWarpSpecializedBlockScaledGatedILi2ELi1ENS6_IJNS5_1CILi1EEESD_SD_EEENS1_40KernelPtrArrayTmaWarpSpecializedPingpongEEENS6_IJNSC_ILi64EEESH_NSC_ILi128EEEEEENS6_IJNS_12float_e4m3_tENS_13float_ue8m0_tEEEENS6_IJPNS6_IJlSD_NSC_ILi0EEEEEEPNS5_6LayoutINS6_IJNS6_IJNS6_IJNSC_ILi32EEENSC_ILi4EEEEEEiEEESU_NS6_IJSD_iEEEEEENS6_IJNS6_IJNS6_IJNSC_ILi16EEESS_EEEiEEENS6_IJNS6_IJSN_SD_EEENSC_ILi512EEEEEENS6_IJSN_iEEEEEEEEEEENS6_IJNS_12float_e2m1_tESL_EEES17_NS5_8TiledMMAINS5_8MMA_AtomIJNS5_5SM12011BLOCKSCALED19SM120_16x8x32_TN_VSISK_S18_fSL_Li32EEEEEENSQ_INS6_IJNSC_ILi2EEES1H_SD_EEENS6_IJSD_S1H_SN_EEEEENS6_IJSH_NSQ_INS6_IJNSC_ILi8EEES1H_S1H_EEENS6_IJSD_SX_S1L_EEEEESR_EEEEENS6_IJNS5_13SM90_TMA_LOADES1R_EEENS6_IJNS5_14ComposedLayoutINS5_7SwizzleILi3ELi4ELi3EEENS5_18smem_ptr_flag_bitsILi8EEENSQ_INS6_IJS1L_SI_EEENS6_IJSI_SD_EEEEEEENSQ_INS6_IJNS6_IJST_SD_EEENS6_IJNS6_IJSR_SD_EEESS_SD_EEEEEENS6_IJNS6_IJSY_S11_EEENS6_IJS10_SD_S11_EEEEEEEEEEENS6_IJNS5_9Copy_AtomIJNS5_17SM75_U32x4_LDSM_NEhEEENS2B_IJNS5_13UniversalCopyISL_SL_EESL_EEEEEENS5_8identityES1S_S2A_NS6_IJNS2B_IJNS5_26SM100_SU4_DU8x16_x4_LDSM_NEhEEES2G_EEES2I_EENS_8epilogue10collective18CollectiveEpilogueINS2N_30Sm90PtrArrayTmaWarpSpecializedILi3ELi2ELi4ELb1ELb0ELi2EEEJSJ_NS6_IJSH_SR_EEENS_10bfloat16_tESP_S2T_SP_NS2N_6fusion15FusionCallbacksINS2N_31Sm120PtrArrayTmaWarpSpecializedILi3ELi2ELi4ELb1ELb0ELi2EEENS2U_17LinearCombinationIS2T_fS2T_fLNS_15FloatRoundStyleE2EEESJ_S2S_JEEES1R_NS1T_INS1U_ILi2ELi4ELi3EEENS1W_ILi16EEENSQ_INS6_IJS1L_SR_EEES23_EEEENS5_17SM75_U32x2_LDSM_NENS5_14SM90_TMA_STOREES36_NS5_17SM90_U32x2_STSM_NENS2B_IJS39_NS_6half_tEEEEvEEEvvEEEEvNT_6ParamsE+52096>:	@!P3 SYNCS.ARRIVE.TRANS64.A1T0 RZ[UR31],RZ
   0x325baaa90 <_ZN7cutlass13device_kernelINS_4gemm6kernel13GemmUniversalINS1_17GroupProblemShapeIN4cute5tupleIJlllEEEEENS1_10collective13CollectiveMmaINS9_52MainloopSm120ArrayTmaWarpSpecializedBlockScaledGatedILi2ELi1ENS6_IJNS5_1CILi1EEESD_SD_EEENS1_40KernelPtrArrayTmaWarpSpecializedPingpongEEENS6_IJNSC_ILi64EEESH_NSC_ILi128EEEEEENS6_IJNS_12float_e4m3_tENS_13float_ue8m0_tEEEENS6_IJPNS6_IJlSD_NSC_ILi0EEEEEEPNS5_6LayoutINS6_IJNS6_IJNS6_IJNSC_ILi32EEENSC_ILi4EEEEEEiEEESU_NS6_IJSD_iEEEEEENS6_IJNS6_IJNS6_IJNSC_ILi16EEESS_EEEiEEENS6_IJNS6_IJSN_SD_EEENSC_ILi512EEEEEENS6_IJSN_iEEEEEEEEEEENS6_IJNS_12float_e2m1_tESL_EEES17_NS5_8TiledMMAINS5_8MMA_AtomIJNS5_5SM12011BLOCKSCALED19SM120_16x8x32_TN_VSISK_S18_fSL_Li32EEEEEENSQ_INS6_IJNSC_ILi2EEES1H_SD_EEENS6_IJSD_S1H_SN_EEEEENS6_IJSH_NSQ_INS6_IJNSC_ILi8EEES1H_S1H_EEENS6_IJSD_SX_S1L_EEEEESR_EEEEENS6_IJNS5_13SM90_TMA_LOADES1R_EEENS6_IJNS5_14ComposedLayoutINS5_7SwizzleILi3ELi4ELi3EEENS5_18smem_ptr_flag_bitsILi8EEENSQ_INS6_IJS1L_SI_EEENS6_IJSI_SD_EEEEEEENSQ_INS6_IJNS6_IJST_SD_EEENS6_IJNS6_IJSR_SD_EEESS_SD_EEEEEENS6_IJNS6_IJSY_S11_EEENS6_IJS10_SD_S11_EEEEEEEEEEENS6_IJNS5_9Copy_AtomIJNS5_17SM75_U32x4_LDSM_NEhEEENS2B_IJNS5_13UniversalCopyISL_SL_EESL_EEEEEENS5_8identityES1S_S2A_NS6_IJNS2B_IJNS5_26SM100_SU4_DU8x16_x4_LDSM_NEhEEES2G_EEES2I_EENS_8epilogue10collective18CollectiveEpilogueINS2N_30Sm90PtrArrayTmaWarpSpecializedILi3ELi2ELi4ELb1ELb0ELi2EEEJSJ_NS6_IJSH_SR_EEENS_10bfloat16_tESP_S2T_SP_NS2N_6fusion15FusionCallbacksINS2N_31Sm120PtrArrayTmaWarpSpecializedILi3ELi2ELi4ELb1ELb0ELi2EEENS2U_17LinearCombinationIS2T_fS2T_fLNS_15FloatRoundStyleE2EEESJ_S2S_JEEES1R_NS1T_INS1U_ILi2ELi4ELi3EEENS1W_ILi16EEENSQ_INS6_IJS1L_SR_EEES23_EEEENS5_17SM75_U32x2_LDSM_NENS5_14SM90_TMA_STOREES36_NS5_17SM90_U32x2_STSM_NENS2B_IJS39_NS_6half_tEEEEvEEEvvEEEEvNT_6ParamsE+52112>:	IADD R19,R19,R2
   0x325baaaa0 <_ZN7cutlass13device_kernelINS_4gemm6kernel13GemmUniversalINS1_17GroupProblemShapeIN4cute5tupleIJlllEEEEENS1_10collective13CollectiveMmaINS9_52MainloopSm120ArrayTmaWarpSpecializedBlockScaledGatedILi2ELi1ENS6_IJNS5_1CILi1EEESD_SD_EEENS1_40KernelPtrArrayTmaWarpSpecializedPingpongEEENS6_IJNSC_ILi64EEESH_NSC_ILi128EEEEEENS6_IJNS_12float_e4m3_tENS_13float_ue8m0_tEEEENS6_IJPNS6_IJlSD_NSC_ILi0EEEEEEPNS5_6LayoutINS6_IJNS6_IJNS6_IJNSC_ILi32EEENSC_ILi4EEEEEEiEEESU_NS6_IJSD_iEEEEEENS6_IJNS6_IJNS6_IJNSC_ILi16EEESS_EEEiEEENS6_IJNS6_IJSN_SD_EEENSC_ILi512EEEEEENS6_IJSN_iEEEEEEEEEEENS6_IJNS_12float_e2m1_tESL_EEES17_NS5_8TiledMMAINS5_8MMA_AtomIJNS5_5SM12011BLOCKSCALED19SM120_16x8x32_TN_VSISK_S18_fSL_Li32EEEEEENSQ_INS6_IJNSC_ILi2EEES1H_SD_EEENS6_IJSD_S1H_SN_EEEEENS6_IJSH_NSQ_INS6_IJNSC_ILi8EEES1H_S1H_EEENS6_IJSD_SX_S1L_EEEEESR_EEEEENS6_IJNS5_13SM90_TMA_LOADES1R_EEENS6_IJNS5_14ComposedLayoutINS5_7SwizzleILi3ELi4ELi3EEENS5_18smem_ptr_flag_bitsILi8EEENSQ_INS6_IJS1L_SI_EEENS6_IJSI_SD_EEEEEEENSQ_INS6_IJNS6_IJST_SD_EEENS6_IJNS6_IJSR_SD_EEESS_SD_EEEEEENS6_IJNS6_IJSY_S11_EEENS6_IJS10_SD_S11_EEEEEEEEEEENS6_IJNS5_9Copy_AtomIJNS5_17SM75_U32x4_LDSM_NEhEEENS2B_IJNS5_13UniversalCopyISL_SL_EESL_EEEEEENS5_8identityES1S_S2A_NS6_IJNS2B_IJNS5_26SM100_SU4_DU8x16_x4_LDSM_NEhEEES2G_EEES2I_EENS_8epilogue10collective18CollectiveEpilogueINS2N_30Sm90PtrArrayTmaWarpSpecializedILi3ELi2ELi4ELb1ELb0ELi2EEEJSJ_NS6_IJSH_SR_EEENS_10bfloat16_tESP_S2T_SP_NS2N_6fusion15FusionCallbacksINS2N_31Sm120PtrArrayTmaWarpSpecializedILi3ELi2ELi4ELb1ELb0ELi2EEENS2U_17LinearCombinationIS2T_fS2T_fLNS_15FloatRoundStyleE2EEESJ_S2S_JEEES1R_NS1T_INS1U_ILi2ELi4ELi3EEENS1W_ILi16EEENSQ_INS6_IJS1L_SR_EEES23_EEEENS5_17SM75_U32x2_LDSM_NENS5_14SM90_TMA_STOREES36_NS5_17SM90_U32x2_STSM_NENS2B_IJS39_NS_6half_tEEEEvEEEvvEEEEvNT_6ParamsE+52128>:	ISETP.GT.U32.AND P1,PT,R2,0x1,PT
   0x325baaab0 <_ZN7cutlass13device_kernelINS_4gemm6kernel13GemmUniversalINS1_17GroupProblemShapeIN4cute5tupleIJlllEEEEENS1_10collective13CollectiveMmaINS9_52MainloopSm120ArrayTmaWarpSpecializedBlockScaledGatedILi2ELi1ENS6_IJNS5_1CILi1EEESD_SD_EEENS1_40KernelPtrArrayTmaWarpSpecializedPingpongEEENS6_IJNSC_ILi64EEESH_NSC_ILi128EEEEEENS6_IJNS_12float_e4m3_tENS_13float_ue8m0_tEEEENS6_IJPNS6_IJlSD_NSC_ILi0EEEEEEPNS5_6LayoutINS6_IJNS6_IJNS6_IJNSC_ILi32EEENSC_ILi4EEEEEEiEEESU_NS6_IJSD_iEEEEEENS6_IJNS6_IJNS6_IJNSC_ILi16EEESS_EEEiEEENS6_IJNS6_IJSN_SD_EEENSC_ILi512EEEEEENS6_IJSN_iEEEEEEEEEEENS6_IJNS_12float_e2m1_tESL_EEES17_NS5_8TiledMMAINS5_8MMA_AtomIJNS5_5SM12011BLOCKSCALED19SM120_16x8x32_TN_VSISK_S18_fSL_Li32EEEEEENSQ_INS6_IJNSC_ILi2EEES1H_SD_EEENS6_IJSD_S1H_SN_EEEEENS6_IJSH_NSQ_INS6_IJNSC_ILi8EEES1H_S1H_EEENS6_IJSD_SX_S1L_EEEEESR_EEEEENS6_IJNS5_13SM90_TMA_LOADES1R_EEENS6_IJNS5_14ComposedLayoutINS5_7SwizzleILi3ELi4ELi3EEENS5_18smem_ptr_flag_bitsILi8EEENSQ_INS6_IJS1L_SI_EEENS6_IJSI_SD_EEEEEEENSQ_INS6_IJNS6_IJST_SD_EEENS6_IJNS6_IJSR_SD_EEESS_SD_EEEEEENS6_IJNS6_IJSY_S11_EEENS6_IJS10_SD_S11_EEEEEEEEEEENS6_IJNS5_9Copy_AtomIJNS5_17SM75_U32x4_LDSM_NEhEEENS2B_IJNS5_13UniversalCopyISL_SL_EESL_EEEEEENS5_8identityES1S_S2A_NS6_IJNS2B_IJNS5_26SM100_SU4_DU8x16_x4_LDSM_NEhEEES2G_EEES2I_EENS_8epilogue10collective18CollectiveEpilogueINS2N_30Sm90PtrArrayTmaWarpSpecializedILi3ELi2ELi4ELb1ELb0ELi2EEEJSJ_NS6_IJSH_SR_EEENS_10bfloat16_tESP_S2T_SP_NS2N_6fusion15FusionCallbacksINS2N_31Sm120PtrArrayTmaWarpSpecializedILi3ELi2ELi4ELb1ELb0ELi2EEENS2U_17LinearCombinationIS2T_fS2T_fLNS_15FloatRoundStyleE2EEESJ_S2S_JEEES1R_NS1T_INS1U_ILi2ELi4ELi3EEENS1W_ILi16EEENSQ_INS6_IJS1L_SR_EEES23_EEEENS5_17SM75_U32x2_LDSM_NENS5_14SM90_TMA_STOREES36_NS5_17SM90_U32x2_STSM_NENS2B_IJS39_NS_6half_tEEEEvEEEvvEEEEvNT_6ParamsE+52144>:	BSSY B0,0x325baab90
   0x325baaac0 <_ZN7cutlass13device_kernelINS_4gemm6kernel13GemmUniversalINS1_17GroupProblemShapeIN4cute5tupleIJlllEEEEENS1_10collective13CollectiveMmaINS9_52MainloopSm120ArrayTmaWarpSpecializedBlockScaledGatedILi2ELi1ENS6_IJNS5_1CILi1EEESD_SD_EEENS1_40KernelPtrArrayTmaWarpSpecializedPingpongEEENS6_IJNSC_ILi64EEESH_NSC_ILi128EEEEEENS6_IJNS_12float_e4m3_tENS_13float_ue8m0_tEEEENS6_IJPNS6_IJlSD_NSC_ILi0EEEEEEPNS5_6LayoutINS6_IJNS6_IJNS6_IJNSC_ILi32EEENSC_ILi4EEEEEEiEEESU_NS6_IJSD_iEEEEEENS6_IJNS6_IJNS6_IJNSC_ILi16EEESS_EEEiEEENS6_IJNS6_IJSN_SD_EEENSC_ILi512EEEEEENS6_IJSN_iEEEEEEEEEEENS6_IJNS_12float_e2m1_tESL_EEES17_NS5_8TiledMMAINS5_8MMA_AtomIJNS5_5SM12011BLOCKSCALED19SM120_16x8x32_TN_VSISK_S18_fSL_Li32EEEEEENSQ_INS6_IJNSC_ILi2EEES1H_SD_EEENS6_IJSD_S1H_SN_EEEEENS6_IJSH_NSQ_INS6_IJNSC_ILi8EEES1H_S1H_EEENS6_IJSD_SX_S1L_EEEEESR_EEEEENS6_IJNS5_13SM90_TMA_LOADES1R_EEENS6_IJNS5_14ComposedLayoutINS5_7SwizzleILi3ELi4ELi3EEENS5_18smem_ptr_flag_bitsILi8EEENSQ_INS6_IJS1L_SI_EEENS6_IJSI_SD_EEEEEEENSQ_INS6_IJNS6_IJST_SD_EEENS6_IJNS6_IJSR_SD_EEESS_SD_EEEEEENS6_IJNS6_IJSY_S11_EEENS6_IJS10_SD_S11_EEEEEEEEEEENS6_IJNS5_9Copy_AtomIJNS5_17SM75_U32x4_LDSM_NEhEEENS2B_IJNS5_13UniversalCopyISL_SL_EESL_EEEEEENS5_8identityES1S_S2A_NS6_IJNS2B_IJNS5_26SM100_SU4_DU8x16_x4_LDSM_NEhEEES2G_EEES2I_EENS_8epilogue10collective18CollectiveEpilogueINS2N_30Sm90PtrArrayTmaWarpSpecializedILi3ELi2ELi4ELb1ELb0ELi2EEEJSJ_NS6_IJSH_SR_EEENS_10bfloat16_tESP_S2T_SP_NS2N_6fusion15FusionCallbacksINS2N_31Sm120PtrArrayTmaWarpSpecializedILi3ELi2ELi4ELb1ELb0ELi2EEENS2U_17LinearCombinationIS2T_fS2T_fLNS_15FloatRoundStyleE2EEESJ_S2S_JEEES1R_NS1T_INS1U_ILi2ELi4ELi3EEENS1W_ILi16EEENSQ_INS6_IJS1L_SR_EEES23_EEEENS5_17SM75_U32x2_LDSM_NENS5_14SM90_TMA_STOREES36_NS5_17SM90_U32x2_STSM_NENS2B_IJS39_NS_6half_tEEEEvEEEvvEEEEvNT_6ParamsE+52160>:	ISETP.GT.U32.AND P2,PT,R19,0x1,PT
   0x325baaad0 <_ZN7cutlass13device_kernelINS_4gemm6kernel13GemmUniversalINS1_17GroupProblemShapeIN4cute5tupleIJlllEEEEENS1_10collective13CollectiveMmaINS9_52MainloopSm120ArrayTmaWarpSpecializedBlockScaledGatedILi2ELi1ENS6_IJNS5_1CILi1EEESD_SD_EEENS1_40KernelPtrArrayTmaWarpSpecializedPingpongEEENS6_IJNSC_ILi64EEESH_NSC_ILi128EEEEEENS6_IJNS_12float_e4m3_tENS_13float_ue8m0_tEEEENS6_IJPNS6_IJlSD_NSC_ILi0EEEEEEPNS5_6LayoutINS6_IJNS6_IJNS6_IJNSC_ILi32EEENSC_ILi4EEEEEEiEEESU_NS6_IJSD_iEEEEEENS6_IJNS6_IJNS6_IJNSC_ILi16EEESS_EEEiEEENS6_IJNS6_IJSN_SD_EEENSC_ILi512EEEEEENS6_IJSN_iEEEEEEEEEEENS6_IJNS_12float_e2m1_tESL_EEES17_NS5_8TiledMMAINS5_8MMA_AtomIJNS5_5SM12011BLOCKSCALED19SM120_16x8x32_TN_VSISK_S18_fSL_Li32EEEEEENSQ_INS6_IJNSC_ILi2EEES1H_SD_EEENS6_IJSD_S1H_SN_EEEEENS6_IJSH_NSQ_INS6_IJNSC_ILi8EEES1H_S1H_EEENS6_IJSD_SX_S1L_EEEEESR_EEEEENS6_IJNS5_13SM90_TMA_LOADES1R_EEENS6_IJNS5_14ComposedLayoutINS5_7SwizzleILi3ELi4ELi3EEENS5_18smem_ptr_flag_bitsILi8EEENSQ_INS6_IJS1L_SI_EEENS6_IJSI_SD_EEEEEEENSQ_INS6_IJNS6_IJST_SD_EEENS6_IJNS6_IJSR_SD_EEESS_SD_EEEEEENS6_IJNS6_IJSY_S11_EEENS6_IJS10_SD_S11_EEEEEEEEEEENS6_IJNS5_9Copy_AtomIJNS5_17SM75_U32x4_LDSM_NEhEEENS2B_IJNS5_13UniversalCopyISL_SL_EESL_EEEEEENS5_8identityES1S_S2A_NS6_IJNS2B_IJNS5_26SM100_SU4_DU8x16_x4_LDSM_NEhEEES2G_EEES2I_EENS_8epilogue10collective18CollectiveEpilogueINS2N_30Sm90PtrArrayTmaWarpSpecializedILi3ELi2ELi4ELb1ELb0ELi2EEEJSJ_NS6_IJSH_SR_EEENS_10bfloat16_tESP_S2T_SP_NS2N_6fusion15FusionCallbacksINS2N_31Sm120PtrArrayTmaWarpSpecializedILi3ELi2ELi4ELb1ELb0ELi2EEENS2U_17LinearCombinationIS2T_fS2T_fLNS_15FloatRoundStyleE2EEESJ_S2S_JEEES1R_NS1T_INS1U_ILi2ELi4ELi3EEENS1W_ILi16EEENSQ_INS6_IJS1L_SR_EEES23_EEEENS5_17SM75_U32x2_LDSM_NENS5_14SM90_TMA_STOREES36_NS5_17SM90_U32x2_STSM_NENS2B_IJS39_NS_6half_tEEEEvEEEvvEEEEvNT_6ParamsE+52176>:	SHF.R.U32.HI R5,RZ,0x1,R19
   0x325baaae0 <_ZN7cutlass13device_kernelINS_4gemm6kernel13GemmUniversalINS1_17GroupProblemShapeIN4cute5tupleIJlllEEEEENS1_10collective13CollectiveMmaINS9_52MainloopSm120ArrayTmaWarpSpecializedBlockScaledGatedILi2ELi1ENS6_IJNS5_1CILi1EEESD_SD_EEENS1_40KernelPtrArrayTmaWarpSpecializedPingpongEEENS6_IJNSC_ILi64EEESH_NSC_ILi128EEEEEENS6_IJNS_12float_e4m3_tENS_13float_ue8m0_tEEEENS6_IJPNS6_IJlSD_NSC_ILi0EEEEEEPNS5_6LayoutINS6_IJNS6_IJNS6_IJNSC_ILi32EEENSC_ILi4EEEEEEiEEESU_NS6_IJSD_iEEEEEENS6_IJNS6_IJNS6_IJNSC_ILi16EEESS_EEEiEEENS6_IJNS6_IJSN_SD_EEENSC_ILi512EEEEEENS6_IJSN_iEEEEEEEEEEENS6_IJNS_12float_e2m1_tESL_EEES17_NS5_8TiledMMAINS5_8MMA_AtomIJNS5_5SM12011BLOCKSCALED19SM120_16x8x32_TN_VSISK_S18_fSL_Li32EEEEEENSQ_INS6_IJNSC_ILi2EEES1H_SD_EEENS6_IJSD_S1H_SN_EEEEENS6_IJSH_NSQ_INS6_IJNSC_ILi8EEES1H_S1H_EEENS6_IJSD_SX_S1L_EEEEESR_EEEEENS6_IJNS5_13SM90_TMA_LOADES1R_EEENS6_IJNS5_14ComposedLayoutINS5_7SwizzleILi3ELi4ELi3EEENS5_18smem_ptr_flag_bitsILi8EEENSQ_INS6_IJS1L_SI_EEENS6_IJSI_SD_EEEEEEENSQ_INS6_IJNS6_IJST_SD_EEENS6_IJNS6_IJSR_SD_EEESS_SD_EEEEEENS6_IJNS6_IJSY_S11_EEENS6_IJS10_SD_S11_EEEEEEEEEEENS6_IJNS5_9Copy_AtomIJNS5_17SM75_U32x4_LDSM_NEhEEENS2B_IJNS5_13UniversalCopyISL_SL_EESL_EEEEEENS5_8identityES1S_S2A_NS6_IJNS2B_IJNS5_26SM100_SU4_DU8x16_x4_LDSM_NEhEEES2G_EEES2I_EENS_8epilogue10collective18CollectiveEpilogueINS2N_30Sm90PtrArrayTmaWarpSpecializedILi3ELi2ELi4ELb1ELb0ELi2EEEJSJ_NS6_IJSH_SR_EEENS_10bfloat16_tESP_S2T_SP_NS2N_6fusion15FusionCallbacksINS2N_31Sm120PtrArrayTmaWarpSpecializedILi3ELi2ELi4ELb1ELb0ELi2EEENS2U_17LinearCombinationIS2T_fS2T_fLNS_15FloatRoundStyleE2EEESJ_S2S_JEEES1R_NS1T_INS1U_ILi2ELi4ELi3EEENS1W_ILi16EEENSQ_INS6_IJS1L_SR_EEES23_EEEENS5_17SM75_U32x2_LDSM_NENS5_14SM90_TMA_STOREES36_NS5_17SM90_U32x2_STSM_NENS2B_IJS39_NS_6half_tEEEEvEEEvvEEEEvNT_6ParamsE+52192>:	LOP3.LUT R19,R19,0x1,RZ,0xc0,!PT
   0x325baaaf0 <_ZN7cutlass13device_kernelINS_4gemm6kernel13GemmUniversalINS1_17GroupProblemShapeIN4cute5tupleIJlllEEEEENS1_10collective13CollectiveMmaINS9_52MainloopSm120ArrayTmaWarpSpecializedBlockScaledGatedILi2ELi1ENS6_IJNS5_1CILi1EEESD_SD_EEENS1_40KernelPtrArrayTmaWarpSpecializedPingpongEEENS6_IJNSC_ILi64EEESH_NSC_ILi128EEEEEENS6_IJNS_12float_e4m3_tENS_13float_ue8m0_tEEEENS6_IJPNS6_IJlSD_NSC_ILi0EEEEEEPNS5_6LayoutINS6_IJNS6_IJNS6_IJNSC_ILi32EEENSC_ILi4EEEEEEiEEESU_NS6_IJSD_iEEEEEENS6_IJNS6_IJNS6_IJNSC_ILi16EEESS_EEEiEEENS6_IJNS6_IJSN_SD_EEENSC_ILi512EEEEEENS6_IJSN_iEEEEEEEEEEENS6_IJNS_12float_e2m1_tESL_EEES17_NS5_8TiledMMAINS5_8MMA_AtomIJNS5_5SM12011BLOCKSCALED19SM120_16x8x32_TN_VSISK_S18_fSL_Li32EEEEEENSQ_INS6_IJNSC_ILi2EEES1H_SD_EEENS6_IJSD_S1H_SN_EEEEENS6_IJSH_NSQ_INS6_IJNSC_ILi8EEES1H_S1H_EEENS6_IJSD_SX_S1L_EEEEESR_EEEEENS6_IJNS5_13SM90_TMA_LOADES1R_EEENS6_IJNS5_14ComposedLayoutINS5_7SwizzleILi3ELi4ELi3EEENS5_18smem_ptr_flag_bitsILi8EEENSQ_INS6_IJS1L_SI_EEENS6_IJSI_SD_EEEEEEENSQ_INS6_IJNS6_IJST_SD_EEENS6_IJNS6_IJSR_SD_EEESS_SD_EEEEEENS6_IJNS6_IJSY_S11_EEENS6_IJS10_SD_S11_EEEEEEEEEEENS6_IJNS5_9Copy_AtomIJNS5_17SM75_U32x4_LDSM_NEhEEENS2B_IJNS5_13UniversalCopyISL_SL_EESL_EEEEEENS5_8identityES1S_S2A_NS6_IJNS2B_IJNS5_26SM100_SU4_DU8x16_x4_LDSM_NEhEEES2G_EEES2I_EENS_8epilogue10collective18CollectiveEpilogueINS2N_30Sm90PtrArrayTmaWarpSpecializedILi3ELi2ELi4ELb1ELb0ELi2EEEJSJ_NS6_IJSH_SR_EEENS_10bfloat16_tESP_S2T_SP_NS2N_6fusion15FusionCallbacksINS2N_31Sm120PtrArrayTmaWarpSpecializedILi3ELi2ELi4ELb1ELb0ELi2EEENS2U_17LinearCombinationIS2T_fS2T_fLNS_15FloatRoundStyleE2EEESJ_S2S_JEEES1R_NS1T_INS1U_ILi2ELi4ELi3EEENS1W_ILi16EEENSQ_INS6_IJS1L_SR_EEES23_EEEENS5_17SM75_U32x2_LDSM_NENS5_14SM90_TMA_STOREES36_NS5_17SM90_U32x2_STSM_NENS2B_IJS39_NS_6half_tEEEEvEEEvvEEEEvNT_6ParamsE+52208>:	LOP3.LUT R5,R5,0x1,RZ,0xc0,!PT
   0x325baab00 <_ZN7cutlass13device_kernelINS_4gemm6kernel13GemmUniversalINS1_17GroupProblemShapeIN4cute5tupleIJlllEEEEENS1_10collective13CollectiveMmaINS9_52MainloopSm120ArrayTmaWarpSpecializedBlockScaledGatedILi2ELi1ENS6_IJNS5_1CILi1EEESD_SD_EEENS1_40KernelPtrArrayTmaWarpSpecializedPingpongEEENS6_IJNSC_ILi64EEESH_NSC_ILi128EEEEEENS6_IJNS_12float_e4m3_tENS_13float_ue8m0_tEEEENS6_IJPNS6_IJlSD_NSC_ILi0EEEEEEPNS5_6LayoutINS6_IJNS6_IJNS6_IJNSC_ILi32EEENSC_ILi4EEEEEEiEEESU_NS6_IJSD_iEEEEEENS6_IJNS6_IJNS6_IJNSC_ILi16EEESS_EEEiEEENS6_IJNS6_IJSN_SD_EEENSC_ILi512EEEEEENS6_IJSN_iEEEEEEEEEEENS6_IJNS_12float_e2m1_tESL_EEES17_NS5_8TiledMMAINS5_8MMA_AtomIJNS5_5SM12011BLOCKSCALED19SM120_16x8x32_TN_VSISK_S18_fSL_Li32EEEEEENSQ_INS6_IJNSC_ILi2EEES1H_SD_EEENS6_IJSD_S1H_SN_EEEEENS6_IJSH_NSQ_INS6_IJNSC_ILi8EEES1H_S1H_EEENS6_IJSD_SX_S1L_EEEEESR_EEEEENS6_IJNS5_13SM90_TMA_LOADES1R_EEENS6_IJNS5_14ComposedLayoutINS5_7SwizzleILi3ELi4ELi3EEENS5_18smem_ptr_flag_bitsILi8EEENSQ_INS6_IJS1L_SI_EEENS6_IJSI_SD_EEEEEEENSQ_INS6_IJNS6_IJST_SD_EEENS6_IJNS6_IJSR_SD_EEESS_SD_EEEEEENS6_IJNS6_IJSY_S11_EEENS6_IJS10_SD_S11_EEEEEEEEEEENS6_IJNS5_9Copy_AtomIJNS5_17SM75_U32x4_LDSM_NEhEEENS2B_IJNS5_13UniversalCopyISL_SL_EESL_EEEEEENS5_8identityES1S_S2A_NS6_IJNS2B_IJNS5_26SM100_SU4_DU8x16_x4_LDSM_NEhEEES2G_EEES2I_EENS_8epilogue10collective18CollectiveEpilogueINS2N_30Sm90PtrArrayTmaWarpSpecializedILi3ELi2ELi4ELb1ELb0ELi2EEEJSJ_NS6_IJSH_SR_EEENS_10bfloat16_tESP_S2T_SP_NS2N_6fusion15FusionCallbacksINS2N_31Sm120PtrArrayTmaWarpSpecializedILi3ELi2ELi4ELb1ELb0ELi2EEENS2U_17LinearCombinationIS2T_fS2T_fLNS_15FloatRoundStyleE2EEESJ_S2S_JEEES1R_NS1T_INS1U_ILi2ELi4ELi3EEENS1W_ILi16EEENSQ_INS6_IJS1L_SR_EEES23_EEEENS5_17SM75_U32x2_LDSM_NENS5_14SM90_TMA_STOREES36_NS5_17SM90_U32x2_STSM_NENS2B_IJS39_NS_6half_tEEEEvEEEvvEEEEvNT_6ParamsE+52224>:	ISETP.LT.U32.AND P2,PT,R2,0x2,P2
